,trust,group,nft,次数中心性,媒介中心性,PageRank
0,0,3,2,0.00533689126084056,0.0036811834504401277,0.0022851473809150083
1,1,1,2,0.01000667111407605,0.0063972173140135775,0.0030030126843442646
2,0,2,2,0.011340893929286189,0.007034660875694866,0.0035125501209483305
3,0,0,4,0.011340893929286189,0.010487238860119237,0.003177463006931097
4,1,1,0,0.0066711140760507,0.0028432602240457405,0.0020287572324746376
5,1,0,0,0.00533689126084056,0.004227267188464511,0.00177459393855547
6,1,2,1,0.00800533689126084,0.0042093563648588515,0.002729140863169101
7,0,1,4,0.01601067378252168,0.01448447702047407,0.004598128868496981
8,0,2,2,0.01267511674449633,0.01067604739809153,0.0040865495929270235
9,0,1,2,0.00466977985323549,0.0018506184422853644,0.002147467448745647
10,1,3,0,0.01200800533689126,0.008639464198120454,0.0037311635277780175
11,0,3,2,0.00533689126084056,0.0018597859777696592,0.002381060531860097
12,0,0,4,0.00867244829886591,0.006641935622055813,0.002657758358412197
13,0,2,2,0.0066711140760507,0.003355533670957945,0.0021436358627641813
14,0,2,0,0.00933955970647098,0.010375930988270752,0.0031675667249896626
15,1,2,2,0.02201467645096731,0.025316631104346333,0.006233743594242747
16,0,2,0,0.01867911941294196,0.025597605147926975,0.004865719650038475
17,0,0,2,0.01400933955970647,0.011311751617218336,0.003532310846139194
18,1,0,1,0.01534356237491661,0.010556740256120804,0.004066135820043806
19,1,2,4,0.01067378252168112,0.008142235617570647,0.00394718470706369
20,1,2,0,0.00867244829886591,0.004989637161357161,0.0028215893420613486
21,0,1,0,0.0133422281521014,0.01471160786397024,0.004084067986630143
22,1,1,2,0.00333555703802535,0.0013926197208082728,0.001248536855588271
23,1,0,1,0.02468312208138759,0.0360968610691709,0.006038827418336379
24,0,3,4,0.02201467645096731,0.017428308018029467,0.0056532107634786714
25,0,3,2,0.00600400266844563,0.006562992383092377,0.0019182390419429979
26,0,3,2,0.01267511674449633,0.007442337284016721,0.0033742584510330557
27,1,3,2,0.00533689126084056,0.0023009321589304746,0.0017105837867728995
28,0,2,0,0.011340893929286189,0.011828353286745835,0.0024641844072350845
29,0,1,4,0.0133422281521014,0.00897592938718652,0.003991818064087465
30,0,1,3,0.02201467645096731,0.024469257804748405,0.0061634283433349354
31,1,1,1,0.01534356237491661,0.01838038838536164,0.004318878318276631
32,1,2,2,0.00733822548365577,0.005845830391964371,0.0021251410963146807
33,1,0,3,0.02735156771180787,0.03908949288339948,0.007081560130143651
34,1,2,1,0.01067378252168112,0.010613218748077333,0.003024529869809648
35,1,0,3,0.00800533689126084,0.006203847960607621,0.002114200581358769
36,1,1,3,0.01400933955970647,0.013830057042277785,0.0033290143906112408
37,1,3,1,0.00733822548365577,0.0056710499614228745,0.001976522759112186
38,1,3,0,0.00733822548365577,0.004457562412726734,0.001610164144328815
39,1,0,0,0.00266844563042028,0.0007005438807360065,0.0008580313729052652
40,0,2,2,0.00800533689126084,0.005349125769856535,0.0020667882184147606
41,0,0,0,0.00867244829886591,0.006417816420422631,0.00206091011162193
42,0,2,4,0.0133422281521014,0.01152431756776111,0.0038302833302723198
43,1,1,0,0.0133422281521014,0.014326352768741968,0.003610292539052713
44,0,2,0,0.00600400266844563,0.004909789869127418,0.0015614020927067153
45,1,3,3,0.00933955970647098,0.008204147580584983,0.0026467533981377116
46,0,0,1,0.01601067378252168,0.01138605215210569,0.003778140624060276
47,1,3,2,0.00933955970647098,0.00898138432584465,0.0030181855803647394
48,0,1,3,0.00600400266844563,0.004016303069558888,0.0018481961790861913
49,0,1,3,0.01867911941294196,0.022071594723708066,0.0051469366762874405
50,0,3,3,0.00600400266844563,0.0019654481988781642,0.001472419405760162
51,0,1,0,0.02134756504336224,0.023329620344389682,0.006412024459762525
52,1,0,2,0.01067378252168112,0.00827820825262941,0.0029841381531531064
53,0,2,4,0.01000667111407605,0.00966906796899608,0.002657594947482833
54,1,3,1,0.00800533689126084,0.004828565721662339,0.0021267212039218107
55,0,1,2,0.011340893929286189,0.011045454657279007,0.002896995226470665
56,0,0,3,0.01400933955970647,0.014134629126071885,0.003530412008534242
57,1,2,2,0.0066711140760507,0.0031707975015879165,0.0016712415183912338
58,1,3,2,0.01734489659773182,0.017807628237442377,0.005188351464571126
59,1,1,1,0.01601067378252168,0.01479228576004968,0.004583911739743586
60,1,3,3,0.0133422281521014,0.018174089471042962,0.0038198403414601194
61,1,1,1,0.00600400266844563,0.0029798204571882866,0.002008660852053286
62,1,1,3,0.00867244829886591,0.007545036084436251,0.0026841325275291953
63,1,3,3,0.01067378252168112,0.005361731017833673,0.002755464337843101
64,0,3,1,0.00933955970647098,0.0032977980273927376,0.003050207216730851
65,1,0,2,0.00333555703802535,0.002450053707888243,0.0013462228979442313
66,1,1,1,0.00800533689126084,0.003969811447506002,0.002191493574763309
67,0,3,0,0.011340893929286189,0.011749980802675562,0.0034078622571751746
68,0,3,0,0.01000667111407605,0.00617276032551329,0.00292796848344606
69,0,0,2,0.01200800533689126,0.01061948509564823,0.003113848684606156
70,1,1,1,0.00733822548365577,0.0037835037300199383,0.002295219178145469
71,1,1,0,0.01200800533689126,0.012248374353877435,0.0037993816639950314
72,1,0,0,0.00933955970647098,0.008739987013416087,0.003070000557439727
73,1,3,4,0.01000667111407605,0.010253230236467624,0.003174756272367627
74,0,3,1,0.00600400266844563,0.004043247079265604,0.0019289394653110388
75,0,0,4,0.01267511674449633,0.010831161914131401,0.0035984340410304644
76,1,3,0,0.0200133422281521,0.021129062067375536,0.005849652940617187
77,1,3,3,0.00333555703802535,0.003205879512453914,0.0010435783915925985
78,1,1,1,0.00600400266844563,0.001849684147262523,0.0019325385105229687
79,1,3,3,0.00733822548365577,0.001498454359792587,0.0028422527599720293
80,1,3,1,0.0133422281521014,0.011694341930524935,0.005165885478720156
81,0,3,1,0.00400266844563042,0.0008182634263682043,0.0019161970647363711
82,1,0,4,0.00600400266844563,0.004449947268830388,0.0022604830514415804
83,1,0,3,0.00600400266844563,0.002303012674080763,0.0019861181290466933
84,1,0,2,0.00933955970647098,0.0063012458306604254,0.0025913891704176036
85,0,1,0,0.00933955970647098,0.008254211011679164,0.0031121848797271627
86,1,1,0,0.00333555703802535,0.0012332266723383116,0.0011341219410163645
87,1,2,2,0.00867244829886591,0.010428982013064908,0.002101778728384662
88,1,0,2,0.00867244829886591,0.004176740815437027,0.0019679560089995956
89,1,0,3,0.00600400266844563,0.004690503442126266,0.001551090535608611
90,0,0,3,0.01467645096731154,0.012875919836802856,0.003674181344329136
91,0,1,2,0.01200800533689126,0.011543432488557015,0.0033888111955181397
92,0,0,4,0.01601067378252168,0.018835041920385834,0.004419168030676099
93,1,1,2,0.0133422281521014,0.013413403246145988,0.0034897357484410373
94,0,1,3,0.01267511674449633,0.014689240329521687,0.0033856207195289163
95,1,3,0,0.01400933955970647,0.014548468120914433,0.003550885117334431
96,1,2,0,0.01534356237491661,0.011886885121053582,0.0036160521369238093
97,0,1,3,0.011340893929286189,0.00852735699996959,0.003541972586717606
98,0,2,1,0.00733822548365577,0.004943999035912818,0.0017789052961942008
99,1,3,1,0.00933955970647098,0.010906872162968007,0.003464559605014873
100,0,0,3,0.00867244829886591,0.008626720625167207,0.0031154144690312344
101,1,0,3,0.02401601067378252,0.028635253343995973,0.007263915795911216
102,1,0,2,0.00266844563042028,0.000619979960728021,0.0010748394365907874
103,1,3,3,0.01267511674449633,0.014910935543337042,0.004191938602278324
104,0,0,0,0.011340893929286189,0.006868158561104577,0.0024334490982246735
105,1,1,4,0.00933955970647098,0.00868109015250578,0.002671305340994167
106,1,0,2,0.02334889926617745,0.029773229104591417,0.0063575810209849076
107,0,2,1,0.00733822548365577,0.0033970168537403706,0.00196581993235944
108,0,1,0,0.02068045363575717,0.029568769289981665,0.006588816717641041
109,1,0,0,0.03002001334222815,0.03779163774387034,0.00715138372293621
110,1,0,1,0.00933955970647098,0.010558180444185493,0.0022457168526667385
111,0,2,1,0.016677785190126748,0.01934437604186427,0.0041690848748082345
112,0,1,4,0.01000667111407605,0.012262873722622941,0.003048049487600892
113,0,2,4,0.01200800533689126,0.011867383468786961,0.00286864731993044
114,1,0,3,0.02134756504336224,0.03386404302985314,0.004853391997559641
115,0,2,2,0.02134756504336224,0.023003069868308145,0.005307284807812614
116,1,0,1,0.00600400266844563,0.0055065969006860005,0.0018203175504294341
117,1,1,4,0.01200800533689126,0.011356512371216447,0.004070501026820537
118,1,3,0,0.0200133422281521,0.022857256630931185,0.005475902911494489
119,0,0,3,0.00800533689126084,0.004582634181288507,0.0023812128712342538
120,0,1,0,0.00933955970647098,0.005262998040210563,0.0028439189626107125
121,0,0,0,0.0066711140760507,0.005339759879369871,0.0020415979142366938
122,0,3,1,0.00733822548365577,0.0026612811644248476,0.0020577488080025966
123,1,2,0,0.01400933955970647,0.013497921872089105,0.003965144409796639
124,0,2,2,0.01534356237491661,0.013287824964528001,0.004325070897641039
125,1,3,3,0.00400266844563042,0.0006133147799303413,0.001273931203586688
126,0,3,2,0.00600400266844563,0.003862414524183491,0.00237936775128302
127,0,2,2,0.01200800533689126,0.005749802985713318,0.003957935234798105
128,0,1,3,0.00466977985323549,0.0019148607836904172,0.0020588580170163824
129,1,0,3,0.01400933955970647,0.014243163216000604,0.004533164183337953
130,1,1,4,0.01601067378252168,0.014854443758945506,0.004022031596637686
131,0,2,3,0.01067378252168112,0.009571503264643014,0.003487712346957335
132,0,1,0,0.01400933955970647,0.01286427586746098,0.0035135080483970783
133,0,3,3,0.00533689126084056,0.003956531217187408,0.0016477328730282147
134,0,0,2,0.01400933955970647,0.012049949657253365,0.003983424376191033
135,1,1,0,0.01200800533689126,0.011751861832348297,0.003770448864022034
136,0,1,2,0.01000667111407605,0.012121900352738746,0.002856791946867261
137,1,0,0,0.00867244829886591,0.005541877132217165,0.0024366057792433865
138,1,3,3,0.01000667111407605,0.008204005829559255,0.002121969000383225
139,0,0,0,0.00266844563042028,0.0011532167801464558,0.0008324040995711558
140,0,0,1,0.00400266844563042,0.0010440410060705723,0.0010677718819379128
141,0,2,4,0.01200800533689126,0.01077269240907506,0.003255935725694063
142,1,0,1,0.00333555703802535,0.0008561595140562795,0.0009949319859961245
143,1,1,2,0.01000667111407605,0.006534870206223489,0.0025498045917284307
144,0,2,4,0.01000667111407605,0.00512018834135317,0.00308547225280756
145,1,0,3,0.00867244829886591,0.007524455952747743,0.002330928526101171
146,1,1,1,0.01067378252168112,0.00966803038562215,0.003577665616700518
147,0,0,3,0.00733822548365577,0.007107871426628964,0.00242128115437882
148,1,1,1,0.00733822548365577,0.003648817248661129,0.0021042979542716654
149,1,3,1,0.01400933955970647,0.013031497097942461,0.0035601056358925036
150,1,0,4,0.00333555703802535,0.0014350046113525456,0.0007471495470315181
151,1,2,4,0.00266844563042028,0.0016198156273573739,0.0007993540296521789
152,1,3,2,0.00066711140760507,6.077254736082355e-05,0.00015793657480084138
153,1,3,2,0.0,0.0,0.00011066027296569324
154,1,2,2,0.00200133422281521,0.0022091498862629555,0.0008121951682129185
155,1,0,2,0.0,0.0,0.00011066027296569324
156,0,3,2,0.00200133422281521,0.0013718460038848331,0.0006397466630411023
157,1,3,4,0.0,0.0,0.00011066027296569324
158,0,0,1,0.00066711140760507,0.0,0.0003734485109892707
159,0,3,1,0.00066711140760507,0.0,0.0005430399752482813
160,0,1,4,0.00066711140760507,0.0,0.0003150627679254305
161,0,2,3,0.00133422281521014,0.00012626854797725872,0.00048739271702173405
162,1,0,3,0.00333555703802535,0.002721192929040681,0.0006732445663308319
163,1,2,1,0.0,0.0,0.00011066027296569324
164,1,0,4,0.00333555703802535,0.0024248377752487237,0.0009544592170895186
165,1,1,2,0.00200133422281521,9.307398968238515e-05,0.0006652348867981579
166,1,0,3,0.00533689126084056,0.003932023176828144,0.0016911316823087002
167,0,2,4,0.00333555703802535,0.0019933531783352123,0.0011332567958746219
168,0,3,1,0.00333555703802535,0.002188955781826023,0.0007035839298303659
169,1,3,2,0.00400266844563042,0.0028037720066499527,0.0013114350530051976
170,0,1,0,0.01067378252168112,0.0072204045376945535,0.002400471102847063
171,1,1,2,0.00600400266844563,0.0059122304829965595,0.0017204958119437497
172,1,0,4,0.00133422281521014,0.00044324505192540976,0.00028308938440827814
173,0,1,3,0.00066711140760507,0.0,0.00027299179000344254
174,1,3,0,0.00133422281521014,9.129144206426787e-05,0.0004892302816050912
175,1,0,4,0.00200133422281521,0.0009455523824321415,0.00046379668615795813
176,1,1,0,0.00066711140760507,0.0,0.00037901896947477385
177,1,0,1,0.00533689126084056,0.00516968422456307,0.0016526546004681972
178,0,1,1,0.0,0.0,0.00011066027296569324
179,0,2,2,0.00400266844563042,0.0012875768643671637,0.001133204631917075
180,0,3,2,0.00200133422281521,0.0008274762305438175,0.0010042931896638756
181,0,3,3,0.00200133422281521,0.0001343869650511063,0.0007949520126670773
182,1,2,1,0.00266844563042028,0.0004908085555296032,0.0008552358574194828
183,0,0,3,0.00333555703802535,0.00253183991676557,0.0007922686641714036
184,0,2,4,0.00133422281521014,0.0005370774896943675,0.000574767595494619
185,0,0,3,0.0,0.0,0.00011066027296569324
186,1,1,3,0.00133422281521014,0.0002159326171038714,0.0003935908827460484
187,0,3,2,0.00200133422281521,0.000593222573183383,0.0006320762440217331
188,1,1,2,0.00066711140760507,9.566766172414487e-05,0.00017928648302618818
189,0,2,2,0.00466977985323549,0.004919775078379324,0.0010754743045788997
190,1,1,4,0.00133422281521014,0.00033998276856811276,0.0004972870281334901
191,0,2,4,0.00733822548365577,0.005654765430544863,0.0018912932536166035
192,0,3,0,0.00066711140760507,0.0,0.0002732614374594264
193,0,3,0,0.00266844563042028,0.0009806369765097526,0.0006228340251305852
194,0,0,2,0.0,0.0,0.00011066027296569324
195,1,1,1,0.0,0.0,0.00011066027296569324
196,1,3,4,0.0,0.0,0.00011066027296569324
197,0,1,0,0.00600400266844563,0.002970155522058846,0.0018135649186634562
198,1,2,3,0.00333555703802535,0.0009016935426283235,0.0008742673864744219
199,0,2,1,0.00466977985323549,0.0030087697928452063,0.000893260320510678
200,1,1,0,0.00133422281521014,0.0011827338410531918,0.0005768497770410274
201,0,1,3,0.00466977985323549,0.003890354916261889,0.0013952174907897114
202,0,3,0,0.0,0.0,0.00011066027296569324
203,0,0,3,0.00533689126084056,0.00596352613691721,0.0011095348729410403
204,1,2,3,0.00133422281521014,0.00020363931169756937,0.00021697370607128464
205,1,2,3,0.00400266844563042,0.003570955740333419,0.0010596755056391407
206,0,2,4,0.00266844563042028,0.001624151672174828,0.000966919441128996
207,0,0,4,0.0,0.0,0.00011066027296569324
208,0,0,2,0.0,0.0,0.00011066027296569324
209,1,3,3,0.00133422281521014,0.00035276016267139196,0.0005173776523470466
210,1,2,2,0.0,0.0,0.00011066027296569324
211,0,2,2,0.00200133422281521,0.0014414336383321651,0.0006989995940462257
212,0,1,1,0.00133422281521014,0.000324517550944195,0.00033214795782672427
213,0,1,1,0.00266844563042028,0.0014790519453537058,0.0009492690482274844
214,1,0,2,0.00066711140760507,0.00047339080526314384,0.0002047215050159274
215,1,3,4,0.00533689126084056,0.0045484269953457125,0.0013029910105593209
216,1,0,4,0.00400266844563042,0.003781233795208689,0.0009709666021760983
217,1,0,1,0.0,0.0,0.00011066027296569324
218,1,2,3,0.00133422281521014,0.00014315254747134757,0.00042301266949056033
219,1,3,2,0.00066711140760507,0.00012107018481022262,0.00014201401698243796
220,0,3,1,0.00200133422281521,0.0009130477976112936,0.0005574652507679328
221,1,2,1,0.00133422281521014,0.00021093604962135997,0.0003157804147620562
222,1,1,4,0.00333555703802535,0.00042177225727231033,0.0007812144777203197
223,1,2,2,0.00266844563042028,0.0008481504768307835,0.0008648872167764567
224,0,2,4,0.00133422281521014,0.0004785837118593272,0.0006063043822357818
225,1,3,0,0.00200133422281521,0.0006915021444997204,0.0007165606147171504
226,0,0,3,0.00200133422281521,0.000828405662156144,0.0005754282517937952
227,0,2,3,0.00333555703802535,0.0012024160019518154,0.0008448092225004408
228,0,0,0,0.00266844563042028,0.000955612527447108,0.0007199179598888396
229,1,3,1,0.00066711140760507,0.0001167436631844623,0.0003119971170808529
230,1,0,2,0.00066711140760507,5.9053093065194635e-05,0.0002909992965429236
231,1,0,0,0.00066711140760507,0.00047339080526314384,0.00032311351140905105
232,1,1,4,0.00200133422281521,0.0008010843030777505,0.0004169136242164189
233,1,2,3,0.0,0.0,0.00011066027296569324
234,1,1,0,0.0,0.0,0.00011066027296569324
235,1,3,3,0.00066711140760507,6.13493786790642e-05,0.00023477473137691507
236,0,3,1,0.00466977985323549,0.0022129656795179544,0.0008095809666454279
237,1,0,1,0.00600400266844563,0.0030056470127749926,0.001106469082683568
238,0,3,3,0.00066711140760507,0.0,0.00048452172432643907
239,0,1,3,0.00200133422281521,0.00044810912190048545,0.0007307162653384799
240,0,3,0,0.00466977985323549,0.004246149994693208,0.0013313348751919367
241,1,1,2,0.00200133422281521,0.0009629103307937175,0.0007058925320322736
242,1,3,3,0.00200133422281521,0.0009377423216490931,0.0005307697693000116
243,1,2,2,0.0,0.0,0.00011066027296569324
244,0,1,0,0.00266844563042028,0.00047993937148188803,0.0004952133942730821
245,0,1,2,0.00400266844563042,0.003335895602960583,0.0012345684598238623
246,0,1,1,0.00133422281521014,0.00012901552281291206,0.00045180676147256845
247,0,0,0,0.00466977985323549,0.0021165428166967965,0.0012968751094358697
248,0,3,2,0.00333555703802535,0.0011652968919142817,0.0009379688777523267
249,1,0,0,0.00200133422281521,0.0005719500220386517,0.00035136308929619993
250,0,1,4,0.00266844563042028,0.0007120656211378629,0.0005886316431916306
251,1,0,4,0.00200133422281521,0.0008375672177914874,0.0004660597142454238
252,0,3,0,0.00066711140760507,6.219267505770955e-05,0.00021721479342241018
253,0,0,2,0.00133422281521014,6.901836051890021e-05,0.00024147246750473713
254,1,1,1,0.00533689126084056,0.0022766480703164524,0.0011242968162243879
255,1,2,2,0.0,0.0,0.00011066027296569324
256,1,1,3,0.00333555703802535,0.0011841303852566962,0.0008463817369140443
257,1,1,1,0.00066711140760507,6.089213048623516e-05,0.000252281604016855
258,1,3,0,0.00333555703802535,0.0017026004410455953,0.0007449802842366064
259,1,0,0,0.00133422281521014,0.0006482784157337438,0.0003603914178185736
260,0,0,1,0.00133422281521014,0.0005062097161132964,0.00044828411420225537
261,1,0,4,0.00266844563042028,0.0014374571662016625,0.0006534110698508343
262,0,2,3,0.00066711140760507,4.9288136906866174e-05,0.00024931025340630585
263,1,2,0,0.00600400266844563,0.003244370275531298,0.0016650902685664676
264,0,2,3,0.00200133422281521,0.0004930941924707585,0.00040580025563238207
265,1,0,2,0.00266844563042028,0.0012184058275675153,0.0008490867075711754
266,0,3,2,0.00867244829886591,0.0058676316385598785,0.002515709578765605
267,0,3,0,0.00066711140760507,0.0,0.0004256006656790365
268,1,1,1,0.00333555703802535,0.0005602121648053509,0.0005454204039159828
269,0,3,2,0.00066711140760507,6.137044776730597e-05,0.00031210483525088306
270,1,3,0,0.00466977985323549,0.0011900749258233131,0.0008945256253879202
271,0,1,1,0.00066711140760507,0.0010944494092471357,0.00036752243949853946
272,1,3,1,0.00333555703802535,0.0014641722583278811,0.0010438712486419142
273,1,2,1,0.00133422281521014,0.00017015978847083528,0.00047947797126288497
274,0,1,4,0.00066711140760507,0.0,0.0003889034861716121
275,0,1,3,0.00200133422281521,0.000978324478312763,0.0006660004417361894
276,0,1,2,0.00133422281521014,0.0002150616298997369,0.0004326982574873867
277,0,2,0,0.0,0.0,0.00011066027296569324
278,1,2,3,0.00133422281521014,7.934033108946213e-05,0.00044220332788876823
279,0,3,2,0.00066711140760507,0.0,0.00042180689881369805
280,1,1,0,0.0,0.0,0.00011066027296569324
281,0,2,4,0.00066711140760507,0.0001113087425451117,0.0001650864335323742
282,0,2,4,0.00066711140760507,0.0,0.0003223317428833817
283,1,3,0,0.00533689126084056,0.003340763825933847,0.0012970021646798776
284,1,2,1,0.0,0.0,0.00011066027296569324
285,0,0,1,0.00133422281521014,0.00024762087674243933,0.0006165414381326109
286,0,3,0,0.0,0.0,0.00011066027296569324
287,1,1,3,0.00066711140760507,0.0,0.0003770674004002025
288,0,2,1,0.00066711140760507,2.7082680649678143e-05,0.0002272911564211888
289,1,3,0,0.00400266844563042,0.002912345913551775,0.00131351535689196
290,1,1,2,0.00066711140760507,0.0,0.0003745294101057963
291,1,1,2,0.00133422281521014,0.0004627247297089748,0.0006091107897420959
292,0,1,4,0.00200133422281521,0.0003905867509895985,0.0005102090867106526
293,0,2,2,0.0,0.0,0.00011066027296569324
294,1,2,2,0.00600400266844563,0.0062445752983676835,0.0014969101165418777
295,0,0,4,0.00533689126084056,0.0038976824685553785,0.0010600178590924976
296,1,3,4,0.0,0.0,0.00011066027296569324
297,0,1,0,0.00066711140760507,0.00013688692202194858,0.0003303255244124294
298,0,0,1,0.00066711140760507,0.0,0.0004071779304219933
299,0,3,4,0.00333555703802535,0.0013312684904212833,0.0008744989248292792
300,0,2,4,0.00066711140760507,0.0,0.0003762051839392778
301,1,3,0,0.0,0.0,0.00011066027296569324
302,1,1,3,0.00200133422281521,0.0006969151211985955,0.0005180649416906191
303,1,1,4,0.00600400266844563,0.0027715536726837064,0.0012003428775016285
304,0,3,1,0.00200133422281521,0.0006113839561600949,0.000762882689968192
305,1,3,2,0.00133422281521014,0.0005087664348316005,0.000476783707207155
306,0,2,0,0.0066711140760507,0.005010837574765665,0.0018827733513215057
307,1,0,1,0.00200133422281521,0.0009651781962845258,0.00039780090690925724
308,1,0,1,0.0,0.0,0.00011066027296569324
309,0,2,0,0.0,0.0,0.00011066027296569324
310,1,0,1,0.0,0.0,0.00011066027296569324
311,0,0,1,0.00333555703802535,0.001518707325662982,0.000997031051624845
312,1,1,4,0.00066711140760507,0.0,0.00037236952593817804
313,0,1,1,0.00066711140760507,0.00047339080526314384,0.0002047215050159274
314,0,3,1,0.00133422281521014,0.00029078621678410967,0.0005702881702225032
315,0,1,2,0.00200133422281521,0.0006801605022189395,0.000686087853663026
316,0,2,1,0.0,0.0,0.00011066027296569324
317,0,1,2,0.00066711140760507,5.937981035064295e-05,0.0002740492789779221
318,1,0,1,0.00200133422281521,0.00099656688047201,0.00047579402950238174
319,0,3,1,0.00066711140760507,0.0,0.00043112069480558525
320,1,1,3,0.0,0.0,0.00011066027296569324
321,0,2,1,0.00133422281521014,0.00040528047256674544,0.0005403072663611646
322,1,3,3,0.00200133422281521,0.00029430120332037054,0.0005978567131776476
323,0,3,0,0.00333555703802535,0.0021897142184958956,0.0007909350623015944
324,0,2,3,0.00133422281521014,5.399499600358816e-05,0.00047962887177630605
325,1,0,3,0.0,0.0,0.00011066027296569324
326,0,3,3,0.00066711140760507,0.0001245348230811223,0.000378285889510819
327,1,1,4,0.00133422281521014,0.0007001083072278912,0.0005618589702660016
328,0,0,3,0.00466977985323549,0.0041756611257101435,0.0014684362078246213
329,0,2,3,0.00533689126084056,0.00553859995534436,0.0017146967410219087
330,0,1,1,0.0,0.0,0.00011066027296569324
331,0,3,3,0.00200133422281521,0.0002337034885389684,0.0007425193258358302
332,0,2,0,0.0,0.0,0.00011066027296569324
333,1,1,0,0.00066711140760507,3.296952712523319e-05,0.0004299315499303986
334,1,0,0,0.00266844563042028,0.0009175498272339343,0.00042825361942018655
335,1,1,2,0.00133422281521014,0.0002519649659128009,0.0005214258178904144
336,1,1,3,0.00066711140760507,0.0,0.0002432113624619905
337,1,3,2,0.0,0.0,0.00011066027296569324
338,0,0,3,0.0,0.0,0.00011066027296569324
339,0,2,0,0.00466977985323549,0.0023882077520826213,0.0010582664349397559
340,1,1,3,0.0,0.0,0.00011066027296569324
341,1,2,4,0.0,0.0,0.00011066027296569324
342,1,0,0,0.0,0.0,0.00011066027296569324
343,1,1,4,0.0,0.0,0.00011066027296569324
344,0,1,0,0.00133422281521014,0.000937393631116064,0.0003730215407683238
345,0,3,1,0.0,0.0,0.00011066027296569324
346,0,0,0,0.0,0.0,0.00011066027296569324
347,0,0,4,0.00200133422281521,0.0007889266627895617,0.0004406270737266469
348,1,3,4,0.00066711140760507,9.017886406866088e-05,0.00029067677415647847
349,1,1,4,0.00266844563042028,0.0011268450569289863,0.0007564239513130878
350,0,0,3,0.00200133422281521,0.0015973111896685694,0.0007602260353586878
351,0,3,0,0.00066711140760507,4.650789365819853e-05,0.0003223317428833817
352,1,1,4,0.00066711140760507,0.00012290714417146874,0.00026629565747917673
353,0,0,1,0.0,0.0,0.00011066027296569324
354,1,2,0,0.0,0.0,0.00011066027296569324
355,0,0,0,0.0,0.0,0.00011066027296569324
356,1,1,3,0.00066711140760507,0.00015225769182510885,0.00022992111660924636
357,1,0,3,0.00200133422281521,0.0001716589562641337,0.0005926872675577951
358,1,2,1,0.00333555703802535,0.0025699294317481384,0.0008935798859915536
359,1,1,2,0.00466977985323549,0.0026102292038443237,0.0009689862869230616
360,1,2,2,0.00066711140760507,0.0,0.0003158252509748477
361,0,0,4,0.00466977985323549,0.0024885528634093802,0.0009793583993115747
362,0,3,3,0.00066711140760507,0.00017582673421401898,0.00016405348225645867
363,0,3,0,0.00266844563042028,0.001461306690958991,0.0007310627953470754
364,0,1,1,0.00333555703802535,0.0018247247727752431,0.0010167924579157846
365,1,3,0,0.00333555703802535,0.0005059095732402466,0.0009801091160108917
366,0,1,1,0.00466977985323549,0.003149548289816911,0.0008781128033603909
367,0,2,3,0.0,0.0,0.00011066027296569324
368,1,2,3,0.00066711140760507,0.0,0.0003677262663727105
369,0,2,2,0.00133422281521014,0.00022423168724617452,0.00038386951481862106
370,1,3,0,0.00066711140760507,0.00047339080526314384,0.00032311351140905105
371,1,2,0,0.00200133422281521,0.0010578926967576253,0.0007116347854235228
372,0,2,0,0.00133422281521014,0.0004136637002899789,0.0006520335709143055
373,0,3,3,0.00333555703802535,0.0014022582101366615,0.0010133312137226565
374,0,2,3,0.00066711140760507,0.00025367850221309394,0.0002984492224960908
375,0,3,3,0.00066711140760507,5.7765278150285804e-05,0.00015533935823278233
376,1,2,2,0.00133422281521014,0.0001684742510748243,0.0004105830875208744
377,0,0,2,0.00133422281521014,0.0002893127871203211,0.00042658579353482785
378,1,3,2,0.00066711140760507,0.00017113331254634142,0.00028527886357394817
379,0,0,4,0.00066711140760507,0.0002470200880911104,0.00032548356900225623
380,0,1,4,0.0,0.0,0.00011066027296569324
381,0,1,1,0.00133422281521014,0.0002297198550360284,0.0006000186401133998
382,0,0,0,0.0,0.0,0.00011066027296569324
383,1,3,2,0.00133422281521014,0.00011499351396865706,0.00034863561673522
384,1,2,3,0.00400266844563042,0.0025104278263748995,0.0008500374732258138
385,0,3,1,0.0,0.0,0.00011066027296569324
386,1,2,4,0.0,0.0,0.00011066027296569324
387,1,2,4,0.00400266844563042,0.0014158421619837433,0.0009993515313764492
388,1,3,4,0.00266844563042028,0.0013298179936580652,0.0004243051061497145
389,0,3,4,0.00266844563042028,0.0005076543571780861,0.0007792694301000018
390,1,3,3,0.00333555703802535,0.0034775802915935606,0.0009008624246875156
391,0,2,0,0.00133422281521014,0.0006076740795106864,0.0005616292125045768
392,0,2,3,0.00200133422281521,0.00042202241836606296,0.0005650775620533613
393,1,2,1,0.0066711140760507,0.006481720008500288,0.0019232602347771467
394,1,0,3,0.00133422281521014,0.001301966885216853,0.0005940704878441783
395,0,0,2,0.00133422281521014,8.705341180950458e-05,0.0004383945769320177
396,1,2,2,0.00533689126084056,0.0024208632860439915,0.001436931174175026
397,0,3,3,0.00133422281521014,0.0003996500630525883,0.000336279335626389
398,0,0,1,0.00066711140760507,0.0,0.00041125030584741705
399,1,2,4,0.0,0.0,0.00011066027296569324
400,0,2,0,0.0,0.0,0.00011066027296569324
401,0,3,3,0.00266844563042028,0.0006699046982434242,0.000690432901160993
402,1,1,1,0.00400266844563042,0.002190259396294639,0.0009855204612344178
403,1,3,4,0.00133422281521014,0.0003100183873281086,0.000334101141398372
404,1,3,4,0.0,0.0,0.00011066027296569324
405,0,3,3,0.00066711140760507,8.560675100540346e-05,0.00027289879099726757
406,0,3,4,0.00266844563042028,0.0022232763327045303,0.0007868351590762965
407,0,0,2,0.00133422281521014,0.0007636202211380909,0.0005327877171873738
408,0,0,1,0.00133422281521014,0.00013985907626912843,0.0004912654677274311
409,1,2,1,0.00066711140760507,0.00015075208145274639,0.0002661894886813601
410,1,1,4,0.00133422281521014,0.00020819942838791483,0.0003969958497446217
411,0,3,4,0.00133422281521014,0.00010914720277345583,0.0003621983666673954
412,0,0,1,0.00600400266844563,0.0027697570189568555,0.0011960292582162025
413,0,1,3,0.0,0.0,0.00011066027296569324
414,0,1,4,0.00066711140760507,0.0,0.0003336132901953849
415,1,3,4,0.00066711140760507,8.861016485428928e-05,0.000326715860078676
416,1,3,1,0.00066711140760507,0.0,0.00043112069480558525
417,1,1,2,0.00133422281521014,0.00047294547054511655,0.0005006112284713602
418,0,0,0,0.0,0.0,0.00011066027296569324
419,1,0,3,0.00400266844563042,0.004898035532501956,0.0010734404193995257
420,1,2,3,0.0,0.0,0.00011066027296569324
421,1,2,4,0.00333555703802535,0.002800582498153101,0.001150701852107761
422,1,3,1,0.00133422281521014,0.00038446352531008415,0.0004674027487794597
423,0,3,3,0.00533689126084056,0.005405854955373254,0.0016046855770445222
424,0,3,3,0.00200133422281521,0.0001714765944335765,0.0003717041385733165
425,1,3,1,0.00133422281521014,0.0009476722799623425,0.000595634208656241
426,1,3,1,0.00333555703802535,0.00040823564592579236,0.0004354354798790284
427,0,2,1,0.00266844563042028,0.0013686683660745127,0.0006054607937228321
428,1,3,1,0.0,0.0,0.00011066027296569324
429,0,2,2,0.00266844563042028,0.0006238697713060322,0.0007747428906647802
430,0,3,4,0.00333555703802535,0.001788717570867752,0.0009979619092903133
431,0,3,1,0.00133422281521014,0.00044123441504100117,0.0006133405018837771
432,0,1,3,0.00133422281521014,0.000911102660016706,0.0005783124574795593
433,1,2,3,0.0,0.0,0.00011066027296569324
434,1,1,4,0.0,0.0,0.00011066027296569324
435,1,2,3,0.0,0.0,0.00011066027296569324
436,0,0,4,0.00466977985323549,0.001714803702812147,0.0011232935837961844
437,0,1,1,0.00400266844563042,0.001033552784613341,0.0009676796340545545
438,1,2,0,0.00133422281521014,0.00046354995921362466,0.0006756494138101326
439,0,2,4,0.00133422281521014,0.00021352118530170163,0.0003527780859200008
440,0,0,4,0.00200133422281521,0.0008876945392993372,0.0005510713826854249
441,1,0,4,0.0,0.0,0.00011066027296569324
442,1,0,2,0.00066711140760507,0.0,0.0003682851062371805
443,1,3,0,0.00266844563042028,0.0010570105550242596,0.0008191939968653689
444,0,2,2,0.00400266844563042,0.003192567572413504,0.0010711943753353946
445,1,1,0,0.00066711140760507,0.0,0.0002069414188513014
446,0,2,4,0.00066711140760507,0.0,0.0003723526308701924
447,0,3,2,0.00133422281521014,0.0007217583236430742,0.00036322406370279173
448,0,1,3,0.0,0.0,0.00011066027296569324
449,1,0,0,0.00800533689126084,0.005334936711991962,0.002068051444570573
450,0,1,3,0.00266844563042028,0.003172320514104507,0.000841257715181544
451,0,1,4,0.00133422281521014,0.0004029981255357397,0.0004986172832736442
452,0,3,4,0.00200133422281521,0.001042161260215807,0.0006368270631467991
453,0,0,4,0.00333555703802535,0.001688026589343444,0.0011871999572554276
454,0,0,3,0.00200133422281521,0.0012722903612885712,0.000513364311834701
455,0,3,4,0.00066711140760507,0.0,0.0002906594384130754
456,1,1,0,0.00133422281521014,0.0003535428483911744,0.0005443679511520379
457,0,2,4,0.00200133422281521,0.0010026672617906595,0.0005783734514501103
458,1,0,4,0.0,0.0,0.00011066027296569324
459,1,0,0,0.00066711140760507,0.00010944511080726027,0.00015916766856662046
460,0,2,2,0.00333555703802535,0.001065350606961502,0.0007991304884110426
461,0,1,1,0.00066711140760507,0.00011694353386099818,0.0001925047130835012
462,0,2,3,0.00066711140760507,5.783428579013935e-05,0.00026290966048961637
463,0,0,3,0.0,0.0,0.00011066027296569324
464,0,2,2,0.0,0.0,0.00011066027296569324
465,0,2,4,0.00266844563042028,0.0015604884297451625,0.0009145062537299314
466,0,0,0,0.00066711140760507,0.0,0.00028348506993610865
467,0,2,2,0.00133422281521014,0.0008450129742293827,0.00041156323107967844
468,0,0,3,0.00066711140760507,5.1013903001644035e-05,0.00019279504793964805
469,1,3,0,0.00133422281521014,0.00016304360473071006,0.0002899444415883135
470,1,2,0,0.00333555703802535,0.0010461528164898847,0.000499672063132732
471,0,2,3,0.00133422281521014,0.0004773214560227441,0.00037598446337468313
472,0,0,4,0.0,0.0,0.00011066027296569324
473,1,0,2,0.00266844563042028,0.0005735979420570936,0.0005751049809808268
474,1,1,2,0.00200133422281521,0.000707325170823995,0.00045650730026512216
475,0,2,2,0.0,0.0,0.00011066027296569324
476,0,0,1,0.00133422281521014,0.000634802270804193,0.0005121922548412889
477,1,0,3,0.00333555703802535,0.0008062346360527447,0.0009895282685109333
478,0,2,4,0.0,0.0,0.00011066027296569324
479,1,3,4,0.00066711140760507,0.0,0.00027614103033553653
480,1,1,2,0.00266844563042028,0.0010926264684971284,0.0007334892727120259
481,1,0,0,0.00200133422281521,0.000737178984265416,0.0002511099128381377
482,1,2,4,0.00200133422281521,0.0011329947313721764,0.0008977969408060853
483,1,3,2,0.00133422281521014,0.00047294547054511644,0.0004496671485720897
484,0,2,1,0.0,0.0,0.00011066027296569324
485,1,0,3,0.00066711140760507,9.615796804280032e-05,0.00015757749204721807
486,0,0,4,0.00133422281521014,0.0002368296936113308,0.0003489365943619927
487,1,2,3,0.00200133422281521,0.001589515219077818,0.0006690913464151606
488,1,3,0,0.00333555703802535,0.001187502469882714,0.0007607654879810111
489,1,1,1,0.0,0.0,0.00011066027296569324
490,0,3,2,0.00066711140760507,1.4314217448702825e-05,0.00017891258584228228
491,1,0,1,0.0,0.0,0.00011066027296569324
492,1,1,0,0.00133422281521014,0.0007393797851448765,0.0006484115664940658
493,0,2,3,0.00133422281521014,0.00024611984341548984,0.000564810735238653
494,1,1,4,0.00066711140760507,4.0922221193850703e-05,0.0003153662143584661
495,1,2,0,0.00133422281521014,0.0005531109222652746,0.00041933218758907927
496,0,1,2,0.0,0.0,0.00011066027296569324
497,1,3,2,0.00400266844563042,0.003774752197115244,0.000822568597887104
498,0,1,2,0.00266844563042028,0.0006588237238186524,0.0006900157663141571
499,1,1,2,0.00133422281521014,0.000553748416051519,0.00045799463634635325
500,0,0,4,0.00066711140760507,0.00011987015264003203,0.00018632595904385322
501,0,0,2,0.00600400266844563,0.005163194128886746,0.0012785067623639367
502,1,1,1,0.00066711140760507,0.0002468350207545641,0.00015769088899081032
503,0,2,4,0.0,0.0,0.00011066027296569324
504,0,1,3,0.00133422281521014,0.00043524820291737936,0.0006082876855569671
505,0,1,4,0.0,0.0,0.00011066027296569324
506,1,0,0,0.00066711140760507,6.888870910416434e-05,0.0002432113624619905
507,1,3,4,0.00400266844563042,0.0018195411135246754,0.0011501234974512448
508,1,1,0,0.00133422281521014,2.4058802730027502e-05,0.0004434085570519639
509,0,2,0,0.00200133422281521,0.0009921504821462706,0.0006140613532026561
510,1,1,1,0.00133422281521014,0.0010521094696665982,0.0003947110779422273
511,0,3,0,0.0,0.0,0.00011066027296569324
512,0,3,1,0.0,0.0,0.00011066027296569324
513,1,3,2,0.00066711140760507,0.0,0.0003740001814650235
514,1,1,1,0.0,0.0,0.00011066027296569324
515,1,1,3,0.00266844563042028,0.00042065176382263364,0.000577615314576716
516,0,1,1,0.00200133422281521,0.00309272470792798,0.0005030732657042391
517,1,0,1,0.00066711140760507,0.0003562169912255138,0.00031855864967861313
518,0,0,3,0.00066711140760507,0.0,0.0004071779304219933
519,1,1,4,0.00133422281521014,0.00035805105616359495,0.0005997481569889605
520,0,3,3,0.0,0.0,0.00011066027296569324
521,1,2,1,0.00466977985323549,0.0016863811837928594,0.0009131936539294108
522,1,2,0,0.00333555703802535,0.0009964563247187206,0.0007770607776048114
523,1,3,2,0.00466977985323549,0.0020794161884410594,0.0009174403338341189
524,1,3,4,0.0,0.0,0.00011066027296569324
525,0,0,4,0.0,0.0,0.00011066027296569324
526,1,1,3,0.0,0.0,0.00011066027296569324
527,0,3,3,0.0,0.0,0.00011066027296569324
528,0,0,1,0.00066711140760507,0.0,0.0003639334042961191
529,1,2,0,0.00266844563042028,0.0014528782653338442,0.0005452734280025135
530,1,1,3,0.00133422281521014,0.000562359197000245,0.0003907626352654069
531,0,3,1,0.00066711140760507,0.00015256636858094466,0.00033752233860671356
532,0,3,2,0.0,0.0,0.00011066027296569324
533,1,3,1,0.00133422281521014,0.00011701560600061273,0.00032846942749306126
534,1,1,1,0.0,0.0,0.00011066027296569324
535,1,0,4,0.00133422281521014,0.00033943051896855405,0.0005102540511846236
536,1,2,0,0.00066711140760507,0.0,0.00021892971275024736
537,0,2,3,0.00066711140760507,0.0,0.0002351366932284087
538,0,0,0,0.00133422281521014,0.0010973780433280469,0.00043370141448598984
539,0,2,2,0.00200133422281521,0.0021043273168585407,0.0007710380037391421
540,0,0,0,0.0,0.0,0.00011066027296569324
541,0,2,4,0.0,0.0,0.00011066027296569324
542,0,0,4,0.00200133422281521,0.0007664195418186766,0.0003895448094501859
543,0,0,1,0.00133422281521014,0.0005231248453618591,0.0004457778444139271
544,1,0,2,0.0,0.0,0.00011066027296569324
545,0,3,1,0.00066711140760507,0.00011128209789023091,0.00037310766095584785
546,1,3,2,0.00200133422281521,0.0005027130689301416,0.00041909652374610203
547,1,0,2,0.00133422281521014,0.00017521260144420632,0.0004904134393014163
548,0,1,4,0.0,0.0,0.00011066027296569324
549,0,2,2,0.00066711140760507,6.894052569352835e-05,0.0002851173418016072
550,1,1,1,0.0,0.0,0.00011066027296569324
551,1,2,1,0.00133422281521014,0.0007281410448974063,0.0003212579995251022
552,1,0,4,0.00200133422281521,0.0016654789759390086,0.0006342414088962625
553,0,3,1,0.0,0.0,0.00011066027296569324
554,0,1,4,0.0,0.0,0.00011066027296569324
555,0,2,1,0.0,0.0,0.00011066027296569324
556,1,1,2,0.0,0.0,0.00011066027296569324
557,1,3,2,0.00133422281521014,0.0004587708498370749,0.000788614040989755
558,1,1,1,0.00466977985323549,0.002340582326052038,0.0009104788130771651
559,0,2,4,0.00533689126084056,0.006254625469208339,0.0011269793807940907
560,0,2,4,0.0,0.0,0.00011066027296569324
561,1,3,4,0.00066711140760507,1.4239646814011032e-05,0.00014749741437969848
562,0,1,2,0.00066711140760507,0.0,0.000378285889510819
563,1,2,1,0.00333555703802535,0.0009310327278884518,0.0007479206327836195
564,1,1,1,0.00400266844563042,0.004118121572950927,0.0012278171832127596
565,0,0,2,0.00066711140760507,0.00039027553157306534,0.00045754986928215496
566,0,3,0,0.0,0.0,0.00011066027296569324
567,1,2,1,0.0,0.0,0.00011066027296569324
568,0,2,4,0.00600400266844563,0.004712762224771429,0.0016135345994760767
569,1,2,4,0.0,0.0,0.00011066027296569324
570,0,1,4,0.00466977985323549,0.003135996846358869,0.0012853145569700483
571,1,2,0,0.00400266844563042,0.0033373293104689014,0.0006564062884213204
572,1,1,2,0.00266844563042028,0.0013726559649132788,0.0008700197360100654
573,1,3,3,0.0,0.0,0.00011066027296569324
574,0,3,3,0.0,0.0,0.00011066027296569324
575,1,1,2,0.00333555703802535,0.0026307909172168277,0.0007108493330132286
576,0,0,2,0.00133422281521014,8.816966457003483e-05,0.00025777673038724166
577,0,0,0,0.00066711140760507,0.0,0.00034023960663020515
578,0,3,3,0.00266844563042028,0.0005298909441090326,0.0009040974509967471
579,0,3,1,0.00066711140760507,0.0,0.0004829192523816451
580,0,1,0,0.0,0.0,0.00011066027296569324
581,1,2,1,0.0,0.0,0.00011066027296569324
582,0,3,2,0.00133422281521014,0.00011824247839225408,0.0005281026543813426
583,0,1,4,0.00066711140760507,0.0,0.00033359964866106184
584,1,0,4,0.00133422281521014,8.422172173011597e-05,0.00023701659155589834
585,1,1,0,0.0,0.0,0.00011066027296569324
586,1,3,4,0.00200133422281521,0.0010068959201213039,0.0006862318243990426
587,0,2,2,0.00066711140760507,0.00034253386435392855,0.00032548356900225623
588,1,0,2,0.00333555703802535,0.0025733288541842027,0.0009562545996841237
589,1,2,4,0.00133422281521014,0.0005866233078073777,0.00043337884113976065
590,1,3,0,0.0,0.0,0.00011066027296569324
591,1,0,1,0.00200133422281521,0.0012971086881882587,0.0006610887774534832
592,1,2,0,0.00200133422281521,0.0012245674254424245,0.00066733845616591
593,0,2,4,0.0,0.0,0.00011066027296569324
594,1,1,2,0.00266844563042028,0.0003614679054420815,0.0007852852606164617
595,0,2,2,0.00333555703802535,0.0015371078283911463,0.0008452126669856298
596,1,3,0,0.00133422281521014,0.000965307491596238,0.00045918218142630316
597,1,3,1,0.0,0.0,0.00011066027296569324
598,1,3,3,0.0,0.0,0.00011066027296569324
599,1,2,4,0.00066711140760507,0.0,0.0002662074018464588
600,1,0,1,0.0,0.0,0.00011066027296569324
601,1,3,2,0.00200133422281521,0.0013319780312035956,0.0005234975381593693
602,1,3,2,0.00066711140760507,0.0,0.0002875888579903565
603,1,3,1,0.00133422281521014,0.00013804653155429959,0.00035779464072801983
604,1,0,1,0.00333555703802535,0.0024020515274244952,0.0006979715860959189
605,0,3,4,0.0,0.0,0.00011066027296569324
606,0,3,4,0.00266844563042028,0.0011169634495398503,0.0005436898736544987
607,0,0,2,0.00133422281521014,0.00017842382332726694,0.000739974504764252
608,1,2,0,0.00066711140760507,0.0003187587427780877,0.0003639334042961191
609,1,2,4,0.00200133422281521,0.0006038888999664168,0.0006486152496887591
610,0,1,3,0.00200133422281521,0.003236299359217791,0.0003862498147477489
611,0,1,3,0.0,0.0,0.00011066027296569324
612,0,0,1,0.00133422281521014,0.00012267519033442526,0.0004290101003421342
613,0,1,2,0.00200133422281521,0.000754665931173483,0.0005023897406013543
614,1,3,2,0.0,0.0,0.00011066027296569324
615,0,3,0,0.00066711140760507,0.0007469422840233339,0.0002652653724569173
616,1,1,2,0.00200133422281521,0.001274649325292833,0.0005058876007890575
617,0,1,0,0.00133422281521014,0.0002997149648197575,0.0004450813243358931
618,0,0,2,0.00066711140760507,0.00016958983196331044,0.0002019767878250808
619,1,2,4,0.0,0.0,0.00011066027296569324
620,0,3,1,0.00200133422281521,0.0012798993410379884,0.00043004547880414704
621,0,1,0,0.0,0.0,0.00011066027296569324
622,0,2,2,0.0,0.0,0.00011066027296569324
623,0,0,3,0.00066711140760507,0.00010788390999870891,0.0003770674004002025
624,0,0,0,0.00333555703802535,0.0027466976594975588,0.001023576035164952
625,0,1,1,0.00066711140760507,0.0,0.00029898497637589747
626,0,2,0,0.0,0.0,0.00011066027296569324
627,1,2,0,0.0,0.0,0.00011066027296569324
628,1,3,2,0.00066711140760507,0.000122744527543991,0.00025180475622953706
629,0,1,1,0.00400266844563042,0.0010741918086312737,0.0008473513628350959
630,1,1,4,0.00066711140760507,0.0005546926768561762,0.00043112069480558525
631,1,1,0,0.00133422281521014,0.0006213754685019919,0.0004179512801572719
632,0,3,1,0.0,0.0,0.00011066027296569324
633,0,0,3,0.00066711140760507,0.0,0.00028111217935342667
634,0,0,4,0.00066711140760507,6.52657067732495e-05,0.00023971723347944083
635,0,2,1,0.0,0.0,0.00011066027296569324
636,0,2,2,0.00200133422281521,0.0009675422418757773,0.0004952351229663592
637,1,3,0,0.00066711140760507,0.0004774504360677074,0.00025800883862171434
638,1,1,3,0.0,0.0,0.00011066027296569324
639,1,2,0,0.0,0.0,0.00011066027296569324
640,0,0,0,0.00266844563042028,0.000999456752295315,0.0006436367957126385
641,1,1,4,0.00066711140760507,4.570413905514888e-05,0.00020440327480396742
642,0,0,4,0.00200133422281521,0.0001624109608178582,0.00025581712515412836
643,0,1,0,0.00200133422281521,0.0006134477830128557,0.0005969093009947858
644,0,0,4,0.00333555703802535,0.0009983135192320703,0.00101201241451531
645,1,1,1,0.00066711140760507,0.0,0.000442255718519615
646,1,2,0,0.00133422281521014,0.0001517091357132372,0.0003903537498109557
647,0,3,4,0.00066711140760507,0.000148573073235267,0.00028458040007037433
648,1,2,2,0.0,0.0,0.00011066027296569324
649,1,2,0,0.00066711140760507,6.430843545388861e-05,0.00041252069548468757
650,0,0,1,0.00133422281521014,8.407758888088465e-05,0.0005014040886555366
651,1,1,2,0.0,0.0,0.00011066027296569324
652,1,2,0,0.00066711140760507,0.00018392850339766638,0.0003179644211508108
653,0,2,1,0.00133422281521014,0.0009472269452443151,0.00039433154924072456
654,0,1,1,0.0,0.0,0.00011066027296569324
655,0,1,4,0.00200133422281521,0.0014785471451778387,0.0006083349443551122
656,1,3,2,0.0,0.0,0.00011066027296569324
657,0,1,2,0.00066711140760507,9.221987894627494e-05,0.00016791603985966372
658,0,1,2,0.0,0.0,0.00011066027296569324
659,0,1,0,0.00133422281521014,0.0011287164529872411,0.0003557465025689664
660,1,2,2,0.0,0.0,0.00011066027296569324
661,1,2,1,0.0,0.0,0.00011066027296569324
662,1,0,1,0.00066711140760507,0.0004474228443970085,0.00032548356900225623
663,0,2,0,0.00066711140760507,0.00015167445197181227,0.00021654118140296893
664,1,3,3,0.0,0.0,0.00011066027296569324
665,1,0,4,0.00266844563042028,0.002577639891274369,0.0006157904080224923
666,0,2,0,0.00400266844563042,0.0030783248351919637,0.0011862936313380384
667,1,2,2,0.00133422281521014,0.0002115865960311538,0.0005023910140040143
668,1,0,4,0.00400266844563042,0.0019866248166871964,0.0011235378052190722
669,0,2,1,0.00333555703802535,0.001471270824186655,0.0008870257272935923
670,1,1,3,0.00133422281521014,0.0006600754764275753,0.00043542951099707016
671,0,0,1,0.00400266844563042,0.0032177478518180505,0.0010538354565172799
672,0,1,1,0.00200133422281521,0.0005861771706990239,0.00043022992753202896
673,1,0,0,0.00133422281521014,0.0002721486355710939,0.0004996887922703114
674,0,1,3,0.00133422281521014,0.0010338485725440185,0.0004294567790738839
675,1,3,4,0.00066711140760507,0.0,0.0004111414769738506
676,1,3,1,0.0,0.0,0.00011066027296569324
677,0,0,2,0.00066711140760507,0.0,0.00042473299021038785
678,0,1,4,0.00066711140760507,0.0,0.0002351366932284087
679,1,3,0,0.0,0.0,0.00011066027296569324
680,1,2,4,0.00133422281521014,0.00044919878692913003,0.00033817664718964496
681,0,2,1,0.00200133422281521,0.00024744051486661834,0.0007315476321229636
682,0,3,2,0.00200133422281521,0.0007910400277835518,0.0007000945635530215
683,0,0,2,0.00066711140760507,0.0,0.00047561050106523564
684,0,1,2,0.00133422281521014,0.0006091420646336996,0.0004690094572910459
685,0,3,3,0.00133422281521014,5.4328290119438536e-05,0.0003723301755144043
686,0,0,1,0.00133422281521014,0.0014798172619890492,0.0003903855176631055
687,0,1,3,0.0,0.0,0.00011066027296569324
688,0,1,2,0.0,0.0,0.00011066027296569324
689,0,1,1,0.0,0.0,0.00011066027296569324
690,1,1,1,0.0,0.0,0.00011066027296569324
691,0,1,2,0.0,0.0,0.00011066027296569324
692,0,0,0,0.00133422281521014,0.00031295086643885815,0.0006549736307141726
693,0,1,1,0.00200133422281521,0.00046217324724223403,0.0006075408165872021
694,1,2,1,0.0,0.0,0.00011066027296569324
695,1,3,0,0.00133422281521014,0.0003295075714602758,0.0006252152796458065
696,0,1,2,0.0,0.0,0.00011066027296569324
697,1,3,4,0.00200133422281521,0.0012624799792259377,0.0006085229788214324
698,1,0,2,0.00400266844563042,0.0016157946086988726,0.000702797064292943
699,0,1,0,0.00066711140760507,0.0001791990287841805,0.00044036210099661696
700,1,0,0,0.00066711140760507,3.5399516974479635e-05,0.0003390916886046291
701,0,2,0,0.00133422281521014,0.0006717417152070092,0.0006050145919094366
702,1,0,3,0.0,0.0,0.00011066027296569324
703,0,2,0,0.00200133422281521,0.001515141232603556,0.000587901806419745
704,1,1,1,0.00066711140760507,0.0,0.00019671934757802142
705,1,3,1,0.00133422281521014,0.0006644442340436003,0.00043071424750383195
706,0,0,1,0.0,0.0,0.00011066027296569324
707,0,0,2,0.00066711140760507,3.478086502857567e-05,0.0002096828675850929
708,1,0,4,0.00066711140760507,0.0,0.0002786441638516351
709,1,0,4,0.0,0.0,0.00011066027296569324
710,1,0,1,0.00066711140760507,0.00047339080526314384,0.00023933365988641954
711,0,2,4,0.00133422281521014,0.0002714505234750474,0.0004129706545892125
712,1,2,2,0.0,0.0,0.00011066027296569324
713,1,0,0,0.00066711140760507,7.778538477203214e-05,0.0002606731035744149
714,1,3,1,0.00200133422281521,0.0003504940646320094,0.0006362408376487847
715,1,0,2,0.00066711140760507,0.00012327507187229485,0.00020317797315466397
716,1,3,4,0.00066711140760507,6.837585920318845e-05,0.0003099716879834804
717,0,3,0,0.00066711140760507,5.4695968999445764e-05,0.0003673517964153254
718,1,1,0,0.0,0.0,0.00011066027296569324
719,1,2,2,0.00066711140760507,1.976500670333943e-05,0.00014201401698243796
720,1,1,4,0.00133422281521014,5.498421381891141e-05,0.0003815258662255402
721,0,1,2,0.0,0.0,0.00011066027296569324
722,0,2,1,0.00133422281521014,0.0009471272122198159,0.00032041812784406535
723,1,1,3,0.00066711140760507,0.0,0.0003734485109892707
724,0,1,3,0.0,0.0,0.00011066027296569324
725,1,3,4,0.00200133422281521,0.0008954745147232113,0.0005931718698661125
726,0,1,4,0.0,0.0,0.00011066027296569324
727,0,0,4,0.0,0.0,0.00011066027296569324
728,1,1,3,0.0,0.0,0.00011066027296569324
729,0,1,4,0.00066711140760507,0.0,0.0002924808061691522
730,1,1,1,0.00066711140760507,0.0,0.00047561050106523564
731,1,2,1,0.00200133422281521,0.0013063110541849709,0.0003610766242204751
732,0,1,1,0.00200133422281521,0.000846713834081621,0.0007118768196998112
733,0,0,3,0.0,0.0,0.00011066027296569324
734,0,1,2,0.00200133422281521,0.0016992963614340599,0.0006549217361681566
735,0,3,1,0.00133422281521014,0.0012627572622029776,0.00040111698938426785
736,1,0,1,0.00200133422281521,0.0021375178854698387,0.0003768573988999826
737,0,2,4,0.00466977985323549,0.0051237684464141625,0.0011301223350811116
738,0,0,4,0.0,0.0,0.00011066027296569324
739,0,3,2,0.0,0.0,0.00011066027296569324
740,0,1,0,0.00466977985323549,0.0014375961445524412,0.0010486930807452972
741,1,0,3,0.00066711140760507,0.0,0.0003364778488303198
742,1,1,2,0.0,0.0,0.00011066027296569324
743,1,3,3,0.00066711140760507,0.000200933311998391,0.0002483137133351369
744,1,1,2,0.00066711140760507,0.00011133532531093793,0.00033359964866106184
745,0,1,3,0.00266844563042028,0.00031951690838762727,0.0006943725090718912
746,0,0,0,0.0,0.0,0.00011066027296569324
747,1,3,3,0.00066711140760507,0.00019701396894216083,0.0002908384577777464
748,1,1,0,0.00133422281521014,0.0005644350879459557,0.0005291037853401835
749,1,2,3,0.00066711140760507,0.00022203424054222356,0.0002909461976790673
750,0,3,0,0.00066711140760507,6.523927910973462e-05,0.00020512430498302478
751,0,2,2,0.00200133422281521,0.0015564869578451373,0.0007826884260917695
752,1,3,4,0.00200133422281521,0.0012745878880703959,0.0007076937167402363
753,0,2,0,0.0,0.0,0.00011066027296569324
754,0,3,4,0.00133422281521014,1.9393884456197675e-05,0.00032381719451986214
755,0,2,2,0.00200133422281521,0.0007213129984710901,0.0006020693692711639
756,0,2,4,0.0,0.0,0.00011066027296569324
757,1,0,2,0.00200133422281521,0.0007837514606580477,0.0005172279498021945
758,1,2,3,0.00066711140760507,2.7291483854656767e-05,0.00017421745009053456
759,1,0,2,0.00066711140760507,0.0,0.00031600564852060653
760,0,1,3,0.0,0.0,0.00011066027296569324
761,1,3,3,0.00266844563042028,0.0008989712778028857,0.0007932910531370479
762,1,0,4,0.00400266844563042,0.0023110893766458084,0.0008054845947959235
763,1,1,1,0.00533689126084056,0.002701833819881416,0.001317138188944867
764,1,3,2,0.00066711140760507,0.0003311717909829326,0.00028286217956447965
765,1,1,4,0.00266844563042028,0.001807223423629752,0.0006471020193336796
766,0,2,2,0.0,0.0,0.00011066027296569324
767,0,1,1,0.00133422281521014,5.943398925174706e-05,0.0005224645083524171
768,0,1,4,0.0,0.0,0.00011066027296569324
769,0,2,2,0.0,0.0,0.00011066027296569324
770,0,1,3,0.00133422281521014,0.0011318545518241058,0.0004178990288878415
771,1,3,1,0.00133422281521014,0.0001960893081493041,0.0003538937814807569
772,0,1,3,0.00066711140760507,3.637225224108357e-05,0.00013417558097825178
773,0,0,0,0.00066711140760507,0.0,0.0003314896277132559
774,1,3,2,0.00133422281521014,0.0006358863576389259,0.0004976533725163228
775,1,0,1,0.00200133422281521,0.0008140823133623981,0.0006548062141606052
776,0,1,1,0.0,0.0,0.00011066027296569324
777,0,0,2,0.00133422281521014,0.0004253271259605533,0.00043980967089976065
778,1,1,4,0.00066711140760507,0.0,0.0004485409671451227
779,0,1,1,0.00066711140760507,0.0002311533009433331,0.00032503932614913337
780,1,3,1,0.0,0.0,0.00011066027296569324
781,0,2,4,0.00066711140760507,0.0,0.00031207726077215345
782,1,3,2,0.0,0.0,0.00011066027296569324
783,1,3,1,0.00266844563042028,0.0006771497682994276,0.000707096481536021
784,1,1,0,0.00066711140760507,9.561862852027907e-05,0.00015745686159560925
785,0,3,1,0.00133422281521014,0.00019225864784968913,0.0002519454061973512
786,0,2,0,0.00333555703802535,0.0018694552395780344,0.0007285259555777533
787,0,0,3,0.0,0.0,0.00011066027296569324
788,1,3,2,0.0,0.0,0.00011066027296569324
789,0,1,2,0.00133422281521014,0.00010890218236558991,0.0003576787021488231
790,0,3,2,0.00066711140760507,3.4072590632060473e-05,0.00022642298637049694
791,0,2,4,0.0,0.0,0.00011066027296569324
792,0,1,3,0.0,0.0,0.00011066027296569324
793,1,1,1,0.0,0.0,0.00011066027296569324
794,1,1,1,0.00266844563042028,0.000669020750230206,0.00039307016788907225
795,0,0,4,0.00133422281521014,7.070898386445803e-05,0.000401176787041356
796,0,2,1,0.00133422281521014,0.00044786821561762616,0.0004070303141400675
797,0,2,2,0.00066711140760507,0.0,0.00043112069480558525
798,1,1,3,0.00133422281521014,0.00047294547054511644,0.00037692341161471376
799,0,0,0,0.00066711140760507,0.0,0.00020137660792905634
800,0,1,3,0.00133422281521014,0.000743258392148339,0.0005409639059418719
801,0,2,2,0.00266844563042028,0.0015775489565442692,0.0009277414622667601
802,1,3,4,0.00066711140760507,0.0,0.0004493588763022203
803,1,3,1,0.00066711140760507,0.0,0.0003983311691825002
804,1,1,1,0.00533689126084056,0.002421689334630959,0.0010375431293532101
805,1,1,4,0.00066711140760507,0.0,0.00022839767925252595
806,0,2,3,0.0,0.0,0.00011066027296569324
807,0,0,0,0.00066711140760507,4.507069317174402e-05,0.00019975422207656153
808,0,2,0,0.00066711140760507,0.0,0.00017421745009053456
809,0,2,0,0.0,0.0,0.00011066027296569324
810,1,3,4,0.00133422281521014,0.0004257938126426122,0.00045820107529958746
811,1,2,1,0.0,0.0,0.00011066027296569324
812,0,1,4,0.0,0.0,0.00011066027296569324
813,0,0,4,0.00066711140760507,0.0003414276619237812,0.00028789144860356263
814,1,0,1,0.00066711140760507,3.07387876356642e-05,0.000268539153935237
815,0,2,0,0.0,0.0,0.00011066027296569324
816,0,0,3,0.0,0.0,0.00011066027296569324
817,1,1,4,0.00133422281521014,0.0003371181609601902,0.0004342325998666406
818,1,0,2,0.0,0.0,0.00011066027296569324
819,0,2,2,0.00066711140760507,0.0001875766239368146,0.000268815146116526
820,1,1,4,0.0,0.0,0.00011066027296569324
821,0,0,3,0.00200133422281521,0.001276067528819072,0.0004995877397111685
822,0,3,4,0.0,0.0,0.00011066027296569324
823,0,1,0,0.0,0.0,0.00011066027296569324
824,1,3,0,0.00133422281521014,0.0008434905199504194,0.00046593725856961855
825,1,0,1,0.00066711140760507,0.00047730776243589085,0.00040868573374768836
826,1,0,4,0.00133422281521014,0.0003881344129616633,0.0004258148778642549
827,0,2,2,0.00133422281521014,0.0004973584604520785,0.0002520459567507586
828,1,0,2,0.00333555703802535,0.0013892821491038488,0.0009269541494768559
829,1,3,0,0.00133422281521014,0.000741805184802605,0.000578493519838325
830,0,3,1,0.0,0.0,0.00011066027296569324
831,1,0,2,0.0,0.0,0.00011066027296569324
832,1,2,2,0.00133422281521014,0.0003118322322093988,0.0005308289445571696
833,1,0,4,0.00066711140760507,0.0,0.0001980228542202726
834,1,3,4,0.0,0.0,0.00011066027296569324
835,0,0,0,0.00200133422281521,0.00022918871014333751,0.0006479394768322716
836,1,3,1,0.00066711140760507,8.609523517527857e-05,0.00020440327480396742
837,0,1,3,0.0,0.0,0.00011066027296569324
838,0,3,4,0.00200133422281521,0.0002729175328270669,0.00038267154964052305
839,0,0,0,0.00066711140760507,0.0,0.00029679392002833835
840,0,3,3,0.00200133422281521,0.0003654978290836554,0.0009264758703826139
841,1,3,4,0.0,0.0,0.00011066027296569324
842,1,1,1,0.00066711140760507,0.00014366147268956214,0.00032129557565895825
843,0,1,0,0.00066711140760507,0.0,0.0003223317428833817
844,1,2,1,0.00066711140760507,0.0005914045055404092,0.00041125030584741705
845,1,0,0,0.00066711140760507,0.00011093953162334073,0.00027858675894988947
846,1,0,0,0.00200133422281521,0.0018927066551140757,0.0007401540610811134
847,1,1,1,0.0,0.0,0.00011066027296569324
848,1,1,1,0.00066711140760507,5.395634958645814e-06,0.00017334806634226212
849,0,3,3,0.0,0.0,0.00011066027296569324
850,0,3,3,0.00133422281521014,0.0007122532249427133,0.00046771497314889614
851,0,3,0,0.0,0.0,0.00011066027296569324
852,1,1,0,0.00266844563042028,0.001755818970072097,0.0006640543373744916
853,0,3,1,0.00133422281521014,0.00022215795890836307,0.0005052742477549244
854,1,0,1,0.0,0.0,0.00011066027296569324
855,0,3,4,0.00133422281521014,0.001195505594089457,0.000504358148203685
856,1,3,3,0.0,0.0,0.00011066027296569324
857,1,3,0,0.00200133422281521,0.00039438106143842517,0.0006874545777407167
858,1,3,0,0.0,0.0,0.00011066027296569324
859,1,2,2,0.00200133422281521,0.0012459323313010805,0.000725829037437475
860,1,1,0,0.0,0.0,0.00011066027296569324
861,0,1,2,0.00066711140760507,4.211903374194783e-05,0.00017651841493707512
862,1,1,4,0.00200133422281521,0.001555036126142494,0.0005759782158788164
863,0,2,1,0.00066711140760507,0.0,0.0003081057533024729
864,1,0,0,0.00133422281521014,0.0006651112262877912,0.0003541967753028993
865,0,3,0,0.0,0.0,0.00011066027296569324
866,1,1,0,0.0,0.0,0.00011066027296569324
867,1,2,3,0.00133422281521014,0.0007691713172262856,0.00033855894102470904
868,1,1,4,0.00066711140760507,5.857160779994446e-05,0.000257742763058606
869,0,1,3,0.00133422281521014,0.0006003584050664793,0.0005052027090240848
870,0,0,4,0.00200133422281521,0.00042256994483776946,0.0006749128123505979
871,0,2,4,0.00333555703802535,0.001614519349754929,0.001060323517144502
872,1,0,1,0.00066711140760507,0.0,0.0002998428397897076
873,0,0,4,0.00133422281521014,0.0003446940034276152,0.0005161193878269473
874,1,3,0,0.0,0.0,0.00011066027296569324
875,0,2,2,0.00133422281521014,0.00013767009558965972,0.00035872747143120504
876,0,0,1,0.00200133422281521,0.002187533706455631,0.0006497303790390037
877,1,3,2,0.00066711140760507,0.0,0.0003267148745216252
878,0,3,1,0.00133422281521014,0.0005117639272360576,0.000478130116742628
879,1,1,3,0.00200133422281521,0.0005183348819983604,0.0003847068915932468
880,1,2,2,0.00266844563042028,0.001928771956249922,0.0005738132200094657
881,0,3,2,0.00133422281521014,4.826995935220288e-05,0.000522235800205111
882,1,3,4,0.00133422281521014,0.00021423499299168185,0.0004622356560933716
883,0,0,2,0.0,0.0,0.00011066027296569324
884,1,0,1,0.00266844563042028,0.00048065282012002395,0.0010359909572854212
885,0,3,1,0.00066711140760507,4.945680420636521e-05,0.00024259323283415515
886,1,0,1,0.00333555703802535,0.0008379364488336182,0.0010002391605863164
887,0,0,1,0.00066711140760507,9.835706609208647e-05,0.0003223317428833817
888,0,2,0,0.0,0.0,0.00011066027296569324
889,0,1,4,0.00066711140760507,0.00010373817264892069,0.00019169553272331332
890,1,1,4,0.0,0.0,0.00011066027296569324
891,1,0,4,0.0,0.0,0.00011066027296569324
892,0,1,2,0.00066711140760507,0.0,0.0003389683774810648
893,1,2,4,0.00066711140760507,0.00020803202741746208,0.0003627136198154934
894,1,2,1,0.0,0.0,0.00011066027296569324
895,0,2,4,0.00200133422281521,0.00010854608478488698,0.0005904425163500096
896,0,2,1,0.00133422281521014,0.00031961260459793036,0.00031461211723732817
897,0,1,4,0.00200133422281521,0.0009595733739805775,0.0004209381227827248
898,0,3,1,0.00133422281521014,0.00015939083778934027,0.00048589090713500703
899,1,0,1,0.00066711140760507,0.00037393091901017093,0.0003627136198154934
900,0,0,1,0.00133422281521014,0.0007476598498081983,0.00030309718711702815
901,1,1,2,0.00133422281521014,0.0006062277202390863,0.0005516111013323892
902,0,1,4,0.00133422281521014,0.0033439377128773465,0.0003599344557365338
903,0,0,3,0.00066711140760507,9.820643117846671e-05,0.00033500977495953214
904,1,1,0,0.00133422281521014,0.0002643957128942481,0.0005235452783460818
905,1,2,1,0.0,0.0,0.00011066027296569324
906,0,3,4,0.0,0.0,0.00011066027296569324
907,0,0,1,0.0,0.0,0.00011066027296569324
908,0,1,4,0.00200133422281521,0.00015598803345196808,0.0003592708019940929
909,1,1,0,0.0,0.0,0.00011066027296569324
910,1,1,0,0.00200133422281521,0.0022218861968437073,0.0005452261050783587
911,1,3,1,0.0,0.0,0.00011066027296569324
912,0,1,1,0.00333555703802535,0.0035904554299159585,0.0012147400197686578
913,0,0,4,0.00066711140760507,4.07660545613748e-05,0.00015640378359907297
914,0,3,2,0.00200133422281521,0.0012455528616910233,0.0006614994450305585
915,0,2,3,0.00333555703802535,0.002406436476410413,0.0011255649713395551
916,1,2,0,0.00066711140760507,0.00021635376673891584,0.00026290966048961637
917,0,3,3,0.00066711140760507,0.0001680774313742227,0.00016062136672479583
918,0,3,3,0.00133422281521014,0.00047294547054511644,0.0003499843852901647
919,0,2,4,0.0,0.0,0.00011066027296569324
920,1,3,2,0.0,0.0,0.00011066027296569324
921,0,1,1,0.00133422281521014,0.0006834974464191354,0.0003573994313300826
922,0,0,0,0.00133422281521014,0.001094329537932801,0.0004184144355869138
923,0,3,0,0.00066711140760507,0.00015678302029516284,0.000268815146116526
924,0,1,0,0.00133422281521014,0.0005962121321492111,0.0003509768489778645
925,0,3,4,0.00200133422281521,0.0007252051591789839,0.00041175982189977387
926,1,0,3,0.00133422281521014,0.0002567752938401739,0.0005109217801387222
927,1,2,3,0.0,0.0,0.00011066027296569324
928,0,2,0,0.0,0.0,0.00011066027296569324
929,1,2,2,0.00266844563042028,0.0018672579338248282,0.000811536921096448
930,1,1,4,0.00133422281521014,0.00030789061909744845,0.000420138276980965
931,1,1,0,0.0,0.0,0.00011066027296569324
932,0,2,3,0.00200133422281521,0.0018946943094549106,0.0004529316096236787
933,1,1,2,0.0,0.0,0.00011066027296569324
934,0,1,2,0.00400266844563042,0.0017842362932494447,0.0012960104197371185
935,0,2,3,0.0,0.0,0.00011066027296569324
936,1,3,3,0.00133422281521014,0.000656966014013238,0.000595443935254356
937,0,2,3,0.00200133422281521,0.0004669864664496398,0.0005296042371557535
938,0,2,1,0.0,0.0,0.00011066027296569324
939,1,1,0,0.0,0.0,0.00011066027296569324
940,1,0,3,0.0,0.0,0.00011066027296569324
941,0,0,2,0.00133422281521014,0.00030959050988031467,0.0004767382896863038
942,1,3,1,0.0,0.0,0.00011066027296569324
943,0,2,3,0.00133422281521014,0.0006800676329080436,0.0004959570894108293
944,1,3,4,0.0,0.0,0.00011066027296569324
945,0,3,0,0.0,0.0,0.00011066027296569324
946,1,0,3,0.0,0.0,0.00011066027296569324
947,0,0,1,0.0,0.0,0.00011066027296569324
948,1,2,1,0.00266844563042028,0.0009006692098195303,0.0007125056528536522
949,0,2,1,0.0,0.0,0.00011066027296569324
950,1,3,1,0.0,0.0,0.00011066027296569324
951,0,0,2,0.0,0.0,0.00011066027296569324
952,0,1,2,0.0,0.0,0.00011066027296569324
953,0,0,2,0.00066711140760507,5.737193261154128e-05,0.0003364778488303198
954,0,1,2,0.00066711140760507,0.0,0.0002597519970336673
955,1,2,0,0.00266844563042028,0.0005652421200436994,0.0006595271783193797
956,0,0,1,0.0,0.0,0.00011066027296569324
957,0,1,0,0.00200133422281521,0.0011489386530772934,0.0006525229224732717
958,1,3,2,0.00400266844563042,0.0031434971337998344,0.0008158967603679503
959,1,3,0,0.00066711140760507,0.0,0.0002680441099330952
960,1,1,2,0.00066711140760507,0.00010514486805851863,0.00015793657480084138
961,0,0,2,0.00200133422281521,0.0006528829580901559,0.0005093305103916264
962,0,1,4,0.00066711140760507,0.0,0.00037811013391943725
963,1,1,3,0.0,0.0,0.00011066027296569324
964,1,0,2,0.00200133422281521,0.000895010605603639,0.000537811886297341
965,0,2,2,0.00133422281521014,0.00031568416342610896,0.0004235073412192244
966,0,1,1,0.00133422281521014,0.00018644610646203477,0.00035425486549581095
967,0,3,0,0.00133422281521014,0.00025332365820888487,0.0004193832468953095
968,0,0,3,0.00066711140760507,2.980990005283356e-05,0.0002743248392620643
969,1,3,4,0.00200133422281521,0.0013048259075885047,0.0006085416777425269
970,1,2,0,0.00066711140760507,0.0,0.00039277568607513295
971,1,2,3,0.00133422281521014,0.001521661201072163,0.000587702880304719
972,0,3,0,0.00266844563042028,0.0003009306906119207,0.000488654342543131
973,1,2,3,0.00066711140760507,0.0,0.0003585059105206336
974,1,1,0,0.0,0.0,0.00011066027296569324
975,0,3,4,0.00200133422281521,0.0005580390185289177,0.0005179943705776142
976,1,1,1,0.00066711140760507,6.208262481993207e-05,0.00025185109080891544
977,1,3,1,0.0,0.0,0.00011066027296569324
978,0,3,2,0.00200133422281521,6.92710164947458e-05,0.00021911127163256244
979,1,0,3,0.0,0.0,0.00011066027296569324
980,0,0,4,0.00066711140760507,0.0,0.0002481558671341949
981,0,0,1,0.0,0.0,0.00011066027296569324
982,0,3,0,0.00133422281521014,0.000983575734657233,0.0005053390609141662
983,0,0,4,0.00133422281521014,6.764513297418389e-05,0.0005015772353569602
984,0,3,0,0.00200133422281521,0.0018776175250108486,0.0006638055304671746
985,1,0,2,0.00133422281521014,0.00035952302350798255,0.0003462492658083957
986,0,0,1,0.00066711140760507,0.0006469107136404878,0.00017639660968928403
987,1,1,1,0.00066711140760507,0.0,0.0002909992965429236
988,1,1,0,0.0,0.0,0.00011066027296569324
989,0,3,2,0.0,0.0,0.00011066027296569324
990,1,1,1,0.0,0.0,0.00011066027296569324
991,0,2,3,0.00066711140760507,2.7393580978996584e-05,0.0002590554593468785
992,0,3,2,0.0,0.0,0.00011066027296569324
993,0,2,2,0.0,0.0,0.00011066027296569324
994,1,1,3,0.0,0.0,0.00011066027296569324
995,1,2,0,0.00066711140760507,7.076521487275147e-05,0.00017928648302618818
996,1,1,4,0.00200133422281521,0.0013854199538731776,0.00044528914243656224
997,1,3,0,0.00133422281521014,0.00022575919195805564,0.0003419688995190151
998,0,1,2,0.0,0.0,0.00011066027296569324
999,1,1,3,0.00200133422281521,0.0023740579569617825,0.0007894566287773336
1000,0,0,0,0.0,0.0,0.00011066027296569324
1001,0,2,3,0.00133422281521014,0.0006738981698464185,0.00037840238069647485
1002,0,1,1,0.00066711140760507,0.0,0.00022331246418722846
1003,0,3,4,0.00133422281521014,0.0001320219007568243,0.00032979238474372915
1004,1,2,2,0.00066711140760507,6.878869369838959e-05,0.0004525215264242378
1005,1,1,3,0.0,0.0,0.00011066027296569324
1006,0,1,1,0.0,0.0,0.00011066027296569324
1007,1,2,1,0.00066711140760507,0.00047339080526314384,0.00027005684731197944
1008,1,2,2,0.00066711140760507,0.0002703834684631884,0.00032548356900225623
1009,1,1,0,0.00133422281521014,0.0006706143419157075,0.00024989718326889893
1010,1,2,2,0.00133422281521014,0.0007163265941129514,0.0005993963077912906
1011,0,0,1,0.00066711140760507,0.0005413491688766172,0.0001980228542202726
1012,0,2,4,0.00466977985323549,0.0021955516918245118,0.0007642824671180057
1013,0,0,1,0.0,0.0,0.00011066027296569324
1014,1,1,3,0.0,0.0,0.00011066027296569324
1015,1,1,0,0.00133422281521014,0.0005043544034602709,0.0006030371105752732
1016,0,1,1,0.00333555703802535,0.0017515933759313248,0.0006702786758345152
1017,0,0,3,0.00066711140760507,0.00014246980173524703,0.0003762051839392778
1018,0,3,1,0.00066711140760507,5.970951490790541e-05,0.00027354992531696286
1019,1,3,2,0.00133422281521014,0.001181004812100961,0.00028371724104402026
1020,0,3,1,0.00066711140760507,0.0007880813649724905,0.0004184925191587321
1021,0,1,2,0.0,0.0,0.00011066027296569324
1022,1,0,3,0.0,0.0,0.00011066027296569324
1023,0,0,3,0.00200133422281521,0.0010439281300633938,0.00044395609415895485
1024,1,1,0,0.00266844563042028,0.001808398984204902,0.0006647474034409902
1025,1,3,1,0.00133422281521014,0.00031912578091969156,0.00044963183033404716
1026,1,1,2,0.00066711140760507,0.0,0.00034023395727072217
1027,1,3,0,0.00066711140760507,0.0003005529079978984,0.0001759234564291062
1028,0,0,4,0.0,0.0,0.00011066027296569324
1029,0,2,0,0.00066711140760507,0.0,0.00035560591652185553
1030,0,3,0,0.00066711140760507,9.596889660375557e-05,0.00037901896947477385
1031,0,1,0,0.00200133422281521,0.0005071080955061275,0.0007016635599428059
1032,0,3,1,0.0,0.0,0.00011066027296569324
1033,0,2,1,0.00066711140760507,0.00016660641492833014,0.0003389683774810648
1034,1,1,0,0.0,0.0,0.00011066027296569324
1035,0,0,4,0.00133422281521014,0.0009581026087353526,0.00041004206409973464
1036,1,3,2,0.0,0.0,0.00011066027296569324
1037,0,0,2,0.00066711140760507,6.561574506715366e-05,0.00018817882733325247
1038,1,1,4,0.00200133422281521,0.0004369448230664279,0.000486452206674679
1039,1,2,3,0.00066711140760507,4.974403991306903e-05,0.0002905994226685298
1040,1,1,3,0.0,0.0,0.00011066027296569324
1041,0,0,1,0.00066711140760507,3.8805138123832154e-05,0.0001614613103586181
1042,0,0,1,0.00066711140760507,0.0,0.0002287922710375397
1043,0,1,4,0.00066711140760507,0.0,0.0003762051839392778
1044,0,1,3,0.00066711140760507,0.0001881213181075836,0.00028707052537325494
1045,0,2,3,0.0,0.0,0.00011066027296569324
1046,0,1,2,0.00133422281521014,0.00023160022761799695,0.0003771793412078371
1047,0,2,4,0.00133422281521014,0.00015175630237889147,0.00045329425039478127
1048,1,0,0,0.00066711140760507,0.0,0.00036762206151859427
1049,0,3,2,0.00333555703802535,0.0007288975696521244,0.0007351483620049589
1050,0,2,3,0.00133422281521014,0.00017154082903883815,0.0004658333185272187
1051,1,2,3,0.0,0.0,0.00011066027296569324
1052,1,2,4,0.0,0.0,0.00011066027296569324
1053,1,0,1,0.00133422281521014,0.0005361004240328229,0.00028224005938348663
1054,0,3,4,0.0,0.0,0.00011066027296569324
1055,1,0,3,0.00133422281521014,0.0020808951088650746,0.0003360608234658332
1056,1,3,1,0.00133422281521014,0.0012198884206505002,0.0005709763128098201
1057,1,1,0,0.00133422281521014,0.00019437862459610014,0.00037293221170480335
1058,0,1,3,0.0,0.0,0.00011066027296569324
1059,1,2,3,0.00066711140760507,4.389954743372031e-05,0.00015757749204721807
1060,0,0,0,0.00066711140760507,0.0,0.00032503932614913337
1061,0,0,0,0.0,0.0,0.00011066027296569324
1062,1,2,1,0.00133422281521014,4.858040178321862e-05,0.00036856655737680196
1063,0,1,4,0.00400266844563042,0.0053205508423714055,0.0009298019919817368
1064,1,1,3,0.00066711140760507,0.00010492839398695157,0.00035148699292540507
1065,0,3,2,0.0,0.0,0.00011066027296569324
1066,0,2,4,0.00066711140760507,3.799466554125594e-05,0.0003302876416154607
1067,0,1,3,0.0,0.0,0.00011066027296569324
1068,0,0,4,0.00066711140760507,2.464727155493753e-05,0.00027299179000344254
1069,1,0,1,0.00066711140760507,0.0006652304822550128,0.0003639334042961191
1070,1,0,3,0.00133422281521014,0.0010827361685109707,0.0003400260287394196
1071,0,3,0,0.00200133422281521,0.00017282926480701488,0.0002809608720940454
1072,1,2,0,0.00133422281521014,0.0016812107056299816,0.0003069752508919757
1073,1,0,0,0.00266844563042028,0.0017536438702302152,0.0008142923082364094
1074,1,1,3,0.00066711140760507,0.0,0.0002906594384130754
1075,0,0,2,0.0,0.0,0.00011066027296569324
1076,0,3,0,0.00066711140760507,0.0,0.0003587637465219592
1077,1,3,3,0.0,0.0,0.00011066027296569324
1078,1,2,1,0.00200133422281521,0.0008592864116014117,0.0005977525912015935
1079,0,2,0,0.0,0.0,0.00011066027296569324
1080,0,2,2,0.00133422281521014,0.0017674771483472901,0.0004015087925579945
1081,0,0,0,0.0,0.0,0.00011066027296569324
1082,0,1,4,0.00133422281521014,7.66698285695412e-05,0.0004757413534341728
1083,0,1,3,0.0,0.0,0.00011066027296569324
1084,1,3,2,0.00133422281521014,0.0006162289628312885,0.00042487222144160043
1085,1,3,0,0.00200133422281521,0.0014525661582781087,0.0005820439709854238
1086,1,3,0,0.00066711140760507,0.00010201426403769377,0.00031207726077215345
1087,0,0,2,0.0,0.0,0.00011066027296569324
1088,0,2,4,0.0,0.0,0.00011066027296569324
1089,0,3,3,0.0,0.0,0.00011066027296569324
1090,0,1,3,0.00066711140760507,7.630966671924304e-05,0.0002625096568758177
1091,0,1,4,0.0,0.0,0.00011066027296569324
1092,1,1,3,0.0,0.0,0.00011066027296569324
1093,1,2,3,0.00066711140760507,0.0003907336662309957,0.00021686902758578984
1094,0,1,1,0.00133422281521014,0.0007226898640730569,0.0004738296615192396
1095,0,1,2,0.00133422281521014,0.00011904493715973399,0.0006191474856277798
1096,1,1,3,0.00066711140760507,0.0,0.00046847328946744184
1097,1,3,2,0.00133422281521014,0.0009141622380488096,0.0002989410753537347
1098,1,2,3,0.00133422281521014,0.000300999686446243,0.00048220033255538016
1099,0,1,4,0.00200133422281521,0.00037581433784841887,0.0007082281544713829
1100,1,0,3,0.0,0.0,0.00011066027296569324
1101,0,0,1,0.00200133422281521,0.0015967361233820638,0.0006486143866315937
1102,1,2,3,0.00066711140760507,2.8870478391987343e-05,0.00018033339219730932
1103,1,1,3,0.00066711140760507,0.0,0.00022475888829664341
1104,1,0,4,0.0,0.0,0.00011066027296569324
1105,0,0,0,0.00200133422281521,0.00020748999308030258,0.00043343829293840077
1106,1,3,3,0.0,0.0,0.00011066027296569324
1107,0,0,2,0.0,0.0,0.00011066027296569324
1108,1,0,1,0.00200133422281521,0.0010604224109128872,0.0007216771862562285
1109,1,2,0,0.0,0.0,0.00011066027296569324
1110,1,1,4,0.0,0.0,0.00011066027296569324
1111,1,1,0,0.0,0.0,0.00011066027296569324
1112,1,0,2,0.0,0.0,0.00011066027296569324
1113,0,1,4,0.00133422281521014,0.0009496044321466558,0.00048102009659673265
1114,0,0,0,0.0,0.0,0.00011066027296569324
1115,0,3,1,0.0,0.0,0.00011066027296569324
1116,1,0,0,0.00133422281521014,0.00024209367490523364,0.0002623456788757781
1117,1,3,4,0.0,0.0,0.00011066027296569324
1118,0,2,2,0.00200133422281521,0.0005427641820427023,0.0007649670898003229
1119,1,0,4,0.0,0.0,0.00011066027296569324
1120,0,0,1,0.00066711140760507,0.00021428541691710402,0.00042473299021038785
1121,1,3,3,0.00133422281521014,0.0005583814504344217,0.0004603514207666506
1122,1,0,2,0.00066711140760507,0.0001264629770141697,0.0002610397932497512
1123,0,0,2,0.00266844563042028,0.0014353212803238067,0.000937576375618723
1124,0,2,1,0.00066711140760507,4.306458224556387e-05,0.00044501254431556506
1125,1,2,2,0.00066711140760507,0.0006141321784972192,0.0003762051839392778
1126,1,0,4,0.00133422281521014,0.001472050451727251,0.0004296083977641629
1127,1,3,3,0.0,0.0,0.00011066027296569324
1128,0,1,2,0.00266844563042028,0.000888932405491049,0.0007587525939868377
1129,0,3,2,0.00133422281521014,0.0005013817493840023,0.0005902700149809167
1130,0,1,1,0.0,0.0,0.00011066027296569324
1131,1,2,1,0.00066711140760507,0.0,0.00015134993523326432
1132,0,2,4,0.00266844563042028,0.000977756307690332,0.0007341143291908599
1133,1,1,4,0.00200133422281521,0.0030068810639867294,0.0007873424185534713
1134,1,1,2,0.00066711140760507,8.761764607581765e-05,0.00017943007612287727
1135,1,2,1,0.0,0.0,0.00011066027296569324
1136,1,3,4,0.00133422281521014,0.0009427539643536975,0.000424033839949502
1137,0,0,3,0.00200133422281521,0.0003736079072439687,0.0006107229338621016
1138,0,0,3,0.0,0.0,0.00011066027296569324
1139,1,1,3,0.00066711140760507,3.7266097049493054e-05,0.0001925047130835012
1140,1,3,4,0.0,0.0,0.00011066027296569324
1141,0,3,4,0.0,0.0,0.00011066027296569324
1142,1,0,4,0.00133422281521014,0.000892233801423913,0.00033884925255704186
1143,1,1,1,0.00066711140760507,0.0,0.0003587637465219592
1144,1,0,2,0.00066711140760507,0.00011761434375970536,0.00026383871500413773
1145,0,1,1,0.00066711140760507,9.039823474973146e-05,0.00031207726077215345
1146,0,1,2,0.0,0.0,0.00011066027296569324
1147,0,2,3,0.0,0.0,0.00011066027296569324
1148,1,0,4,0.00200133422281521,0.0007657651863704573,0.0008173316414181489
1149,1,0,1,0.0,0.0,0.00011066027296569324
1150,1,0,2,0.0,0.0,0.00011066027296569324
1151,1,0,3,0.00066711140760507,4.358431504257196e-05,0.0002909992965429236
1152,0,0,1,0.00066711140760507,6.953583597874825e-05,0.00026601554048590525
1153,1,2,0,0.00066711140760507,1.5187572606797583e-05,0.00022862174163507554
1154,1,2,4,0.00066711140760507,4.374016547187984e-05,0.00022967680297840702
1155,1,1,4,0.00066711140760507,7.397850164174795e-05,0.0002366771014032035
1156,0,2,4,0.0,0.0,0.00011066027296569324
1157,1,2,2,0.00066711140760507,0.0,0.00027244869181044287
1158,1,2,4,0.00066711140760507,0.00041294785123076566,0.00047561050106523564
1159,1,0,0,0.0,0.0,0.00011066027296569324
1160,1,2,0,0.00066711140760507,0.00023984440558380338,0.00032548356900225623
1161,1,2,0,0.00200133422281521,0.0011408640236686815,0.0005630567374257099
1162,1,3,0,0.0,0.0,0.00011066027296569324
1163,1,0,2,0.00133422281521014,0.0005940497879127445,0.0005958305440139112
1164,1,2,3,0.00266844563042028,0.0014287283967282394,0.0007484424167484841
1165,1,0,4,0.00133422281521014,0.00011972382326505737,0.0003724753998775915
1166,0,2,3,0.00133422281521014,0.0003176937757131349,0.00039553626509147513
1167,1,1,1,0.00066711140760507,7.62775465381953e-05,0.0004299315499303986
1168,1,3,3,0.00133422281521014,0.0005519319497128696,0.00045190058424003946
1169,1,0,3,0.0,0.0,0.00011066027296569324
1170,0,1,3,0.0,0.0,0.00011066027296569324
1171,0,3,3,0.00133422281521014,0.0016681355037163966,0.0003042130799461171
1172,1,2,0,0.00133422281521014,0.00015133174673350678,0.0004166979099286202
1173,1,2,1,0.00066711140760507,5.693466535360838e-05,0.00036317655850521586
1174,0,1,2,0.00066711140760507,0.0,0.00018625161127673484
1175,0,2,3,0.0,0.0,0.00011066027296569324
1176,0,3,3,0.00066711140760507,0.0,0.0004048699682149224
1177,0,3,3,0.00133422281521014,0.0008671458336770489,0.0005778214785884408
1178,0,3,4,0.00200133422281521,0.0008133092661615468,0.000615026626479308
1179,0,1,4,0.0,0.0,0.00011066027296569324
1180,1,3,4,0.00133422281521014,0.0004158886051452823,0.00043892515975712653
1181,1,1,3,0.0,0.0,0.00011066027296569324
1182,1,3,3,0.0,0.0,0.00011066027296569324
1183,1,0,0,0.00133422281521014,0.0014985127704372483,0.000492458088957264
1184,1,3,4,0.00200133422281521,0.0006176673143061929,0.0004458098024021447
1185,0,2,0,0.0,0.0,0.00011066027296569324
1186,0,0,0,0.00066711140760507,0.000633665642257083,0.00024233889657015642
1187,1,0,3,0.00066711140760507,0.0,0.00020177723780865806
1188,1,3,4,0.00066711140760507,0.0,0.00027244869181044287
1189,1,1,0,0.00066711140760507,0.0011844067695241534,0.00024233889657015642
1190,1,0,2,0.0,0.0,0.00011066027296569324
1191,0,1,1,0.00066711140760507,0.0006633257341869166,0.00031207726077215345
1192,0,1,2,0.00066711140760507,0.00015520170853079146,0.00018305739538355094
1193,1,2,0,0.00066711140760507,0.0003014449850545617,0.0002909992965429236
1194,0,3,4,0.00066711140760507,5.197185436854377e-05,0.00021631869724733632
1195,1,1,2,0.00066711140760507,8.447605620534681e-05,0.00021721479342241018
1196,1,0,1,0.00066711140760507,0.00013848775869714948,0.0003192107804840534
1197,1,0,3,0.00133422281521014,0.0008405356552930914,0.0004762202812676947
1198,1,3,3,0.00200133422281521,0.0015611512501889147,0.0004751614965293467
1199,1,2,1,0.00066711140760507,0.0002297059370407395,0.00025756614550062433
1200,0,2,3,0.00066711140760507,0.0,0.00021721479342241018
1201,1,1,3,0.00066711140760507,3.9722724232691285e-05,0.00019473722233215464
1202,1,3,1,0.0,0.0,0.00011066027296569324
1203,1,1,0,0.00133422281521014,0.0005642624088986429,0.00037897263024881087
1204,1,1,3,0.00133422281521014,0.000563863738369121,0.00048721621063862195
1205,0,0,1,0.00066711140760507,0.0,0.0002454610964168054
1206,0,0,1,0.00266844563042028,0.001920466473455211,0.0008712079993913462
1207,0,0,2,0.00200133422281521,0.0007139070001819226,0.0003562176583350633
1208,1,2,1,0.0,0.0,0.00011066027296569324
1209,1,3,3,0.00066711140760507,6.253470103458463e-05,0.0001828589308222892
1210,1,2,3,0.00133422281521014,0.0007758830988826359,0.0005022088997825916
1211,1,3,1,0.00066711140760507,0.0,0.0002909992965429236
1212,1,0,0,0.0,0.0,0.00011066027296569324
1213,0,0,3,0.00066711140760507,0.00010353002719516378,0.0002743248392620643
1214,1,2,2,0.00066711140760507,3.0840388988647855e-05,0.0002628810858750974
1215,0,2,3,0.0,0.0,0.00011066027296569324
1216,0,3,0,0.00133422281521014,0.0002702522726672433,0.000678760598808896
1217,0,0,2,0.0,0.0,0.00011066027296569324
1218,1,3,4,0.0,0.0,0.00011066027296569324
1219,1,3,3,0.00066711140760507,7.390291791769364e-05,0.00020681655940684552
1220,0,1,3,0.00066711140760507,4.9663053621799094e-05,0.00020199599237604585
1221,0,3,0,0.00066711140760507,0.0,0.0003562343387071668
1222,0,2,0,0.0,0.0,0.00011066027296569324
1223,0,2,0,0.0,0.0,0.00011066027296569324
1224,0,2,1,0.00066711140760507,3.529356011702461e-05,0.00028944039054791234
1225,0,1,3,0.00066711140760507,5.939293309552334e-05,0.00023701869123797834
1226,1,3,3,0.00066711140760507,0.0004369015370229925,0.00037811013391943725
1227,0,2,0,0.00133422281521014,0.00031050863383309156,0.00034134855216693647
1228,1,3,2,0.00066711140760507,0.0,0.0002984492224960908
1229,0,1,0,0.0,0.0,0.00011066027296569324
1230,1,2,0,0.00066711140760507,0.00020710168853522616,0.00028568116459748053
1231,1,2,0,0.0,0.0,0.00011066027296569324
1232,1,2,2,0.0,0.0,0.00011066027296569324
1233,1,1,1,0.00066711140760507,0.0,0.00036962169425998456
1234,1,1,2,0.0,0.0,0.00011066027296569324
1235,0,0,1,0.0,0.0,0.00011066027296569324
1236,0,3,3,0.0,0.0,0.00011066027296569324
1237,1,1,3,0.00200133422281521,0.0009397995467077954,0.0007935290153786534
1238,0,2,3,0.00133422281521014,0.00010564401785157483,0.000414664111786203
1239,1,0,3,0.00133422281521014,0.0001491607676336134,0.0004684963357464105
1240,1,1,2,0.0,0.0,0.00011066027296569324
1241,1,2,4,0.00200133422281521,0.00039082274054355744,0.0005692492598042584
1242,1,1,2,0.00066711140760507,0.0005921838412969573,0.00019321152235568019
1243,0,1,3,0.00133422281521014,0.0002410645187325835,0.0003154645826880775
1244,0,3,3,0.00133422281521014,0.0026580221865733903,0.0004977564438286386
1245,1,2,0,0.00133422281521014,0.0006414085726504146,0.000422676973615092
1246,1,3,2,0.00200133422281521,0.0011418362627822866,0.0007860845786080132
1247,1,0,3,0.00066711140760507,0.0,0.0003627136198154934
1248,1,2,0,0.00066711140760507,2.7737601482804114e-05,0.00020183093385805288
1249,1,2,0,0.0,0.0,0.00011066027296569324
1250,0,1,4,0.00066711140760507,0.0,0.0003745294101057963
1251,1,2,2,0.0,0.0,0.00011066027296569324
1252,0,3,3,0.0,0.0,0.00011066027296569324
1253,1,3,2,0.00066711140760507,3.6713414050641984e-05,0.00015769088899081032
1254,0,0,3,0.00066711140760507,0.0012749364668713198,0.0002225381814111909
1255,0,1,3,0.00133422281521014,0.0006850352815030552,0.00028115281110894586
1256,0,0,4,0.0,0.0,0.00011066027296569324
1257,1,1,1,0.00066711140760507,0.0004686470362572312,0.00028944039054791234
1258,0,2,1,0.00133422281521014,0.001274961907201054,0.0006559700832287166
1259,1,0,4,0.00066711140760507,0.00015787688942916283,0.00042473299021038785
1260,0,0,4,0.00066711140760507,0.0,0.00023784015750094822
1261,1,1,1,0.0,0.0,0.00011066027296569324
1262,0,1,1,0.00066711140760507,0.0,0.0002444977089744749
1263,1,1,1,0.00066711140760507,0.0008604515117533258,0.0002851173418016072
1264,1,1,1,0.0,0.0,0.00011066027296569324
1265,1,3,2,0.00200133422281521,0.0007128916123610659,0.0010445132629737066
1266,0,2,0,0.00133422281521014,0.0003916844683484639,0.0006574470444408938
1267,0,0,3,0.00133422281521014,0.00017360684402899,0.00037738111097607765
1268,0,1,1,0.00066711140760507,0.0005928198298434442,0.00022202395607884957
1269,1,3,1,0.00133422281521014,0.001289885405881597,0.00023181391010443088
1270,1,2,2,0.00133422281521014,0.00014990598147267845,0.0005015444637389293
1271,0,3,3,0.00066711140760507,0.0004324795535653384,0.00027858675894988947
1272,1,0,3,0.00133422281521014,0.0004050095712291806,0.0004372840621334192
1273,1,1,3,0.00066711140760507,0.0,0.00031855864967861313
1274,1,2,4,0.00133422281521014,0.0013736143702694512,0.0005152846485040574
1275,1,2,0,0.00066711140760507,0.0,0.00020268845617049607
1276,1,1,0,0.0,0.0,0.00011066027296569324
1277,1,1,3,0.00200133422281521,0.0009239581723442618,0.0008101417148814803
1278,0,1,0,0.0,0.0,0.00011066027296569324
1279,1,1,4,0.00066711140760507,0.0,0.0004026969518982907
1280,0,3,4,0.00066711140760507,0.0003355392239975605,0.0003446959492394431
1281,0,1,2,0.00266844563042028,0.002026323726768605,0.0008583700614842773
1282,1,0,0,0.00066711140760507,0.0,0.0004829192523816451
1283,1,2,1,0.00066711140760507,3.552314790842227e-05,0.0003585059105206336
1284,0,3,2,0.00200133422281521,0.0010418076226705714,0.0006185436201072021
1285,1,2,1,0.00133422281521014,0.00012677452806418482,0.0004353481336544242
1286,1,2,1,0.0,0.0,0.00011066027296569324
1287,1,1,0,0.00133422281521014,0.0003103480194045545,0.0005128105831566375
1288,0,1,2,0.00133422281521014,0.00010656828109686825,0.0004551028436071196
1289,1,2,3,0.00200133422281521,0.0007189833288519306,0.000615524846508653
1290,0,3,0,0.0,0.0,0.00011066027296569324
1291,0,0,0,0.0,0.0,0.00011066027296569324
1292,0,0,3,0.0,0.0,0.00011066027296569324
1293,0,3,3,0.00133422281521014,0.0003847706118269242,0.00039853038378119906
1294,0,1,0,0.0,0.0,0.00011066027296569324
1295,0,3,4,0.00066711140760507,2.0595820721311487e-05,0.0003446959492394431
1296,0,3,3,0.00066711140760507,0.0,0.0003192107804840534
1297,1,1,4,0.00133422281521014,0.00045095340219979124,0.0004318510027836386
1298,1,0,4,0.00066711140760507,0.00020898158133396665,0.0003302876416154607
1299,0,3,2,0.00133422281521014,0.0005800111118130283,0.0004237383889988406
1300,0,1,3,0.0,0.0,0.00011066027296569324
1301,1,2,0,0.00066711140760507,2.323682345932152e-05,0.00029010593090098236
1302,0,0,4,0.00066711140760507,0.0,0.0003745294101057963
1303,0,1,1,0.00200133422281521,0.000807672679475776,0.0008051771107202457
1304,1,3,0,0.00066711140760507,8.045936968472551e-05,0.00023525277715060703
1305,1,1,2,0.0,0.0,0.00011066027296569324
1306,0,2,1,0.00066711140760507,4.6863670345307477e-05,0.0001650864335323742
1307,1,3,3,0.00200133422281521,0.000678897556708605,0.0007081781185026341
1308,0,1,0,0.0,0.0,0.00011066027296569324
1309,0,2,2,0.00133422281521014,0.0006696084976961326,0.0005501479522864217
1310,1,3,2,0.0,0.0,0.00011066027296569324
1311,1,1,0,0.00133422281521014,0.0006182284300056255,0.00034552269600193985
1312,1,2,3,0.00133422281521014,0.0009055597708614412,0.00034913166046541237
1313,0,1,2,0.00266844563042028,0.0030601385091459598,0.000798977700430439
1314,1,3,0,0.00266844563042028,0.0010997684778934014,0.0005281967815285666
1315,0,0,2,0.00066711140760507,0.0,0.0002481558671341949
1316,0,1,0,0.00133422281521014,0.00022295294745190274,0.00035691934513203675
1317,0,0,0,0.00066711140760507,0.0,0.0003627136198154934
1318,0,2,4,0.0,0.0,0.00011066027296569324
1319,0,2,3,0.00133422281521014,0.0004183812220469904,0.0003297764691863442
1320,1,2,1,0.00066711140760507,0.00022445661641405234,0.0002984492224960908
1321,1,2,4,0.00066711140760507,0.0,0.00022232891844369045
1322,1,1,0,0.0,0.0,0.00011066027296569324
1323,0,2,3,0.00200133422281521,0.0008899412712743809,0.0004164492960063339
1324,1,0,2,0.0,0.0,0.00011066027296569324
1325,1,0,3,0.00133422281521014,0.00040902977660780664,0.0005585260165589463
1326,0,2,0,0.0,0.0,0.00011066027296569324
1327,0,3,1,0.0,0.0,0.00011066027296569324
1328,0,1,3,0.0,0.0,0.00011066027296569324
1329,0,2,0,0.00133422281521014,0.0001470983398050701,0.0003199178339440283
1330,1,2,4,0.00133422281521014,0.0007939265475648241,0.0003811644703094046
1331,1,3,3,0.00066711140760507,3.640464709775191e-05,0.0002803019775062421
1332,0,3,0,0.00133422281521014,0.0010462750497004835,0.0005522581077063234
1333,1,2,2,0.00066711140760507,0.00011265434555900754,0.0003336132901953849
1334,0,1,4,0.0,0.0,0.00011066027296569324
1335,1,1,0,0.00200133422281521,0.00030509240538690707,0.0003956917398196143
1336,0,2,3,0.0,0.0,0.00011066027296569324
1337,0,2,3,0.00066711140760507,9.248615955418499e-05,0.0005476447316639671
1338,1,0,0,0.0,0.0,0.00011066027296569324
1339,0,2,3,0.0,0.0,0.00011066027296569324
1340,0,3,2,0.00066711140760507,6.617686664653989e-05,0.0004829192523816451
1341,1,2,1,0.00066711140760507,0.0001397344071251183,0.0003562343387071668
1342,0,0,4,0.0,0.0,0.00011066027296569324
1343,1,3,1,0.0,0.0,0.00011066027296569324
1344,1,2,4,0.0,0.0,0.00011066027296569324
1345,1,2,4,0.00066711140760507,0.00014059110563784393,0.00019195606891029348
1346,1,2,1,0.00200133422281521,0.002060364831780865,0.0007314909436048392
1347,0,0,4,0.0,0.0,0.00011066027296569324
1348,1,0,4,0.00133422281521014,0.0002910929148135402,0.000481822903259067
1349,0,0,2,0.00066711140760507,0.0,0.00030909215810381705
1350,1,2,1,0.0,0.0,0.00011066027296569324
1351,0,0,0,0.00066711140760507,9.32052828354858e-05,0.00014749741437969848
1352,0,3,2,0.00066711140760507,4.821467194804792e-05,0.00026804066542289885
1353,1,1,3,0.0,0.0,0.00011066027296569324
1354,0,2,0,0.00066711140760507,2.7881487178384642e-05,0.00023021111627271842
1355,0,1,3,0.00066711140760507,0.0,0.00020681655940684552
1356,0,1,0,0.00266844563042028,0.0008558706626283579,0.00041018677426954967
1357,0,1,2,0.0,0.0,0.00011066027296569324
1358,0,1,1,0.00066711140760507,0.0003420045483614166,0.0002865807926189736
1359,0,1,3,0.00066711140760507,0.0,0.0004466742784780526
1360,1,1,1,0.0,0.0,0.00011066027296569324
1361,1,0,1,0.00066711140760507,0.0,0.0001622239478942963
1362,1,0,4,0.0,0.0,0.00011066027296569324
1363,0,3,3,0.00066711140760507,0.0006233315746482745,0.00020210024585370088
1364,1,1,2,0.00066711140760507,0.0,0.0002569816790676355
1365,1,0,2,0.00133422281521014,0.0006298231770486343,0.0005160448554660204
1366,1,0,4,0.0,0.0,0.00011066027296569324
1367,1,1,0,0.0,0.0,0.00011066027296569324
1368,1,3,4,0.0,0.0,0.00011066027296569324
1369,0,2,3,0.0,0.0,0.00011066027296569324
1370,1,3,4,0.00066711140760507,0.00014756144538082694,0.0002569816790676355
1371,0,3,0,0.0,0.0,0.00011066027296569324
1372,1,0,3,0.0,0.0,0.00011066027296569324
1373,0,1,4,0.0,0.0,0.00011066027296569324
1374,1,1,3,0.00066711140760507,0.0012287105916906475,0.00021654118140296893
1375,0,1,4,0.00133422281521014,0.00072555421756916,0.00047127689035876547
1376,1,3,2,0.00066711140760507,0.0,0.00027614103033553653
1377,0,2,3,0.0,0.0,0.00011066027296569324
1378,1,2,0,0.0,0.0,0.00011066027296569324
1379,1,2,1,0.0,0.0,0.00011066027296569324
1380,0,0,3,0.0,0.0,0.00011066027296569324
1381,1,2,1,0.0,0.0,0.00011066027296569324
1382,0,3,2,0.00133422281521014,0.0006688780424565379,0.00024310918219649967
1383,1,3,1,0.00066711140760507,8.93999418336377e-05,0.0002432113624619905
1384,0,3,0,0.0,0.0,0.00011066027296569324
1385,1,3,4,0.00200133422281521,0.0008010752106628925,0.0007998749389558185
1386,0,3,4,0.00066711140760507,0.0006415174341339289,0.00019734064686659615
1387,1,0,1,0.00066711140760507,0.0,0.00023455582217482638
1388,1,0,3,0.00066711140760507,2.1773240878066228e-05,0.0001682845270068315
1389,0,1,3,0.00066711140760507,0.0,0.0003251820291749117
1390,1,1,4,0.0,0.0,0.00011066027296569324
1391,0,1,4,0.0,0.0,0.00011066027296569324
1392,0,0,1,0.00133422281521014,0.00015421816918379143,0.00042722811303573624
1393,1,3,0,0.00133422281521014,0.0006472372489677614,0.00035855650958326415
1394,0,2,2,0.00066711140760507,0.00018973749594378912,0.0003562343387071668
1395,1,0,2,0.00066711140760507,2.8861957085395634e-05,0.00019108429341061178
1396,0,1,0,0.00066711140760507,0.0003456810782163638,0.00029914498916964094
1397,0,2,0,0.0,0.0,0.00011066027296569324
1398,1,1,2,0.0,0.0,0.00011066027296569324
1399,0,2,1,0.00133422281521014,0.0017658028285805892,0.0005374875860067898
1400,0,0,2,0.0,0.0,0.00011066027296569324
1401,1,1,1,0.00266844563042028,0.0013011415547937446,0.0009441519352971432
1402,0,3,3,0.00066711140760507,6.261660802255576e-05,0.0003639334042961191
1403,1,2,4,0.0,0.0,0.00011066027296569324
1404,0,1,2,0.0,0.0,0.00011066027296569324
1405,0,2,3,0.0,0.0,0.00011066027296569324
1406,0,2,0,0.00066711140760507,0.0,0.00029898497637589747
1407,1,1,1,0.00133422281521014,0.00018626919551765616,0.00048112671982052536
1408,0,3,3,0.00066711140760507,0.0,0.0004829192523816451
1409,1,3,0,0.00200133422281521,0.0006172685600570127,0.0006983340692830779
1410,0,2,1,0.00066711140760507,0.0,0.0003889034861716121
1411,0,3,3,0.00066711140760507,0.00021642551310968055,0.00017334806634226212
1412,1,1,1,0.0,0.0,0.00011066027296569324
1413,0,1,3,0.00066711140760507,0.00014839924636325148,0.00048452172432643907
1414,1,1,4,0.00066711140760507,3.442574447725969e-05,0.00021711507325263544
1415,1,3,1,0.00066711140760507,0.00020045202204637056,0.00037310766095584785
1416,0,3,2,0.0,0.0,0.00011066027296569324
1417,1,2,2,0.0,0.0,0.00011066027296569324
1418,1,2,3,0.00200133422281521,0.0011013502921353553,0.00041807246350545783
1419,1,0,4,0.00066711140760507,5.794974763628169e-05,0.0003245541162571533
1420,1,1,0,0.00266844563042028,0.001442467059767139,0.0009868093654458688
1421,1,1,4,0.00066711140760507,0.00011557596163649452,0.0003316010004088331
1422,0,2,3,0.00066711140760507,9.172153478875653e-05,0.0003389683774810648
1423,1,3,2,0.0,0.0,0.00011066027296569324
1424,1,1,4,0.0,0.0,0.00011066027296569324
1425,0,0,2,0.00200133422281521,0.003218502826692966,0.00045591875948220763
1426,0,2,4,0.0,0.0,0.00011066027296569324
1427,0,3,2,0.0,0.0,0.00011066027296569324
1428,1,3,0,0.0,0.0,0.00011066027296569324
1429,0,3,4,0.0,0.0,0.00011066027296569324
1430,1,1,0,0.00066711140760507,0.0,0.00023692571986917623
1431,0,3,2,0.00066711140760507,0.00011379540959542999,0.00034969896728068286
1432,0,0,0,0.0,0.0,0.00011066027296569324
1433,0,0,2,0.00066711140760507,0.0004439608634520398,0.00023982478793324488
1434,1,0,3,0.00333555703802535,0.0005526025783892891,0.0009532454487981547
1435,0,0,4,0.0,0.0,0.00011066027296569324
1436,1,3,0,0.00200133422281521,0.0008840546810805536,0.0006927148870150582
1437,0,0,4,0.0,0.0,0.00011066027296569324
1438,0,3,0,0.0,0.0,0.00011066027296569324
1439,0,2,0,0.00066711140760507,0.0,0.00036752243949853946
1440,0,1,3,0.0,0.0,0.00011066027296569324
1441,1,1,0,0.0,0.0,0.00011066027296569324
1442,1,2,1,0.0,0.0,0.00011066027296569324
1443,1,2,3,0.00133422281521014,0.00021326934804568944,0.000705462451769579
1444,1,2,3,0.00066711140760507,0.00020969206131642347,0.0003226631255821282
1445,1,0,0,0.00066711140760507,0.0,0.0003723526308701924
1446,0,3,0,0.00066711140760507,0.0,0.0002984492224960908
1447,1,2,0,0.0,0.0,0.00011066027296569324
1448,0,2,4,0.00200133422281521,0.0017030783170049134,0.0006815411397743448
1449,0,3,3,0.0,0.0,0.00011066027296569324
1450,0,1,2,0.0,0.0,0.00011066027296569324
1451,0,2,3,0.00066711140760507,7.483049934966085e-05,0.00028988293387413193
1452,0,3,4,0.00066711140760507,4.6201152524042984e-05,0.00026508103421083584
1453,0,3,3,0.00066711140760507,0.00013853979261880677,0.0003889034861716121
1454,1,2,3,0.0,0.0,0.00011066027296569324
1455,0,2,1,0.00066711140760507,0.0,0.00040186449416577627
1456,0,1,2,0.0,0.0,0.00011066027296569324
1457,0,0,0,0.0,0.0,0.00011066027296569324
1458,0,0,4,0.00133422281521014,0.00012698429067153834,0.0003052034695309895
1459,1,2,0,0.00066711140760507,2.83885901695416e-05,0.0001614613103586181
1460,1,3,2,0.00200133422281521,0.0007270532476870517,0.0006481303910812982
1461,0,3,3,0.00133422281521014,0.00024270179402494492,0.0004393438962633808
1462,0,0,1,0.00066711140760507,0.0008695953726350699,0.0004048699682149224
1463,0,0,0,0.0,0.0,0.00011066027296569324
1464,1,3,4,0.00066711140760507,8.91279041705525e-05,0.00022310303043476446
1465,1,0,2,0.00266844563042028,0.0017729606505323162,0.0005512430701934929
1466,0,2,2,0.00066711140760507,5.25307995683903e-05,0.00021143368096966945
1467,1,3,2,0.00133422281521014,0.0001864808790556286,0.00031706208882523916
1468,0,0,2,0.0,0.0,0.00011066027296569324
1469,0,1,3,0.00066711140760507,0.0,0.00041125030584741705
1470,0,2,0,0.00066711140760507,0.0,0.00018720704602614936
1471,0,3,2,0.0,0.0,0.00011066027296569324
1472,1,0,2,0.00066711140760507,0.0,0.0003682851062371805
1473,1,0,1,0.00066711140760507,0.00027606187268437363,0.00039277568607513295
1474,1,3,1,0.00200133422281521,0.0006288027665251747,0.0005032090740791207
1475,0,1,3,0.00066711140760507,0.00021475574709645757,0.00023477473137691507
1476,0,2,4,0.00133422281521014,0.00041748986540245776,0.0005677156174140812
1477,0,0,3,0.00133422281521014,0.00011663677220756426,0.0005767336657301193
1478,0,3,4,0.0,0.0,0.00011066027296569324
1479,1,0,1,0.0,0.0,0.00011066027296569324
1480,1,3,2,0.00066711140760507,0.0,0.00038466489143141995
1481,0,0,2,0.0,0.0,0.00011066027296569324
1482,1,3,2,0.00066711140760507,1.5974631873437572e-05,0.00016154140900967207
1483,1,1,4,0.00066711140760507,0.0,0.0002086656092180333
1484,1,2,1,0.00066711140760507,0.0,0.00023939852157144872
1485,1,3,0,0.0,0.0,0.00011066027296569324
1486,1,0,2,0.0,0.0,0.00011066027296569324
1487,0,3,2,0.00133422281521014,0.0003142227427290063,0.0003547499129272665
1488,1,3,2,0.00066711140760507,0.0,0.00026804066542289885
1489,1,3,0,0.00066711140760507,2.938487823710033e-05,0.0002069414188513014
1490,0,1,2,0.00066711140760507,0.00032500692290161263,0.0004299315499303986
1491,0,0,3,0.00066711140760507,0.0,0.00021037657374517964
1492,0,1,2,0.0,0.0,0.00011066027296569324
1493,1,2,3,0.00066711140760507,0.0,0.00023701869123797834
1494,1,3,2,0.00200133422281521,0.0005386300464608779,0.0007333519941494583
1495,1,3,4,0.00133422281521014,0.0010173150249183668,0.0002787847403189728
1496,0,1,2,0.00133422281521014,0.0006295998875005355,0.0004726705807698672
1497,1,2,0,0.0,0.0,0.00011066027296569324
1498,0,0,1,0.0,0.0,0.00011066027296569324
1499,1,2,4,0.00200133422281521,0.0027110822230371717,0.0006810325801695843
