,次数中心性,媒介中心性,PageRank
0,0.0133422281521014,0.01455144242428726,0.0037006305056359046
1,0.00733822548365577,0.0056620881070446,0.0022412274873461783
2,0.00933955970647098,0.009109309651634808,0.002665630878878833
3,0.00600400266844563,0.0025962571553735984,0.001723217765033505
4,0.011340893929286189,0.010136355390282209,0.0034086352050807767
5,0.01467645096731154,0.017808262460639386,0.004137787439423278
6,0.01867911941294196,0.019595929164725034,0.004525263257035657
7,0.01534356237491661,0.016837044714640755,0.003697272816283376
8,0.02068045363575717,0.027537410351478952,0.006763175949375263
9,0.0066711140760507,0.002373799701769159,0.0017647140694135792
10,0.0133422281521014,0.011264565179934025,0.004017126568598386
11,0.00800533689126084,0.009092380122080607,0.0026071101434102127
12,0.016677785190126748,0.01749798936084752,0.004757789029876131
13,0.02068045363575717,0.03092253077693986,0.006178265215964883
14,0.01000667111407605,0.008101151114625246,0.0025761666256440396
15,0.01534356237491661,0.013152459257395182,0.004243436119210613
16,0.01267511674449633,0.0082991393386589,0.0033244096917803977
17,0.00933955970647098,0.006539047949211673,0.0026211009128239925
18,0.00733822548365577,0.0041335421714661985,0.0017980250558182222
19,0.01200800533689126,0.007515311069770273,0.00306180416002151
20,0.01601067378252168,0.02168126060716505,0.004666622222571478
21,0.01400933955970647,0.012241039763895982,0.004322081350948383
22,0.01067378252168112,0.008457272877420437,0.003344748242957802
23,0.00733822548365577,0.007365811633237544,0.002190223012305551
24,0.01267511674449633,0.008106049624627923,0.003420988785939262
25,0.01400933955970647,0.00996077986766343,0.004320430951137112
26,0.0066711140760507,0.008253290905228989,0.0020988998226975216
27,0.00733822548365577,0.004527817820754191,0.0022699487285864975
28,0.01267511674449633,0.0125999361783322,0.003499305968802669
29,0.00733822548365577,0.005589068688016466,0.0023274893911874018
30,0.01400933955970647,0.01599787770252821,0.00326056806426904
31,0.00333555703802535,0.0016166009578736744,0.001099222317371133
32,0.01467645096731154,0.01248955145140559,0.003824676412134202
33,0.01067378252168112,0.010203279452940568,0.002961135046761667
34,0.00400266844563042,0.001463296388416646,0.001008021316106775
35,0.00533689126084056,0.0009502664201490908,0.0017311497213676245
36,0.0066711140760507,0.0041092445135363686,0.0023239362337162135
37,0.01200800533689126,0.010366253524728516,0.003704492215764173
38,0.00800533689126084,0.004426627121395494,0.0022552431924621075
39,0.01734489659773182,0.016199614636681643,0.005035424626628801
40,0.00266844563042028,0.0017584293635986698,0.0010193503154006152
41,0.01067378252168112,0.011039217981568256,0.0033280958618619153
42,0.02535023348899266,0.028263743309736564,0.006835447844850022
43,0.00867244829886591,0.0058472861551549975,0.0027207760115406294
44,0.011340893929286189,0.00946541092268705,0.0031825971169750257
45,0.01067378252168112,0.009824394430343086,0.002827833674791644
46,0.01267511674449633,0.010515760727006012,0.003023379275699226
47,0.00800533689126084,0.006304158617178556,0.002286499386032669
48,0.00600400266844563,0.004311868467721091,0.0019225573079543075
49,0.01267511674449633,0.01074047230613924,0.003140572622302087
50,0.00333555703802535,0.0029321695427868546,0.0011303610396411884
51,0.01467645096731154,0.011330077935654357,0.0047541402474389205
52,0.01067378252168112,0.011370348286059604,0.0032948787248873413
53,0.0066711140760507,0.00486275519939632,0.0019885273596437453
54,0.01200800533689126,0.009714944805065214,0.0032462773977817343
55,0.00600400266844563,0.0034260559020577457,0.0017461264474121529
56,0.01400933955970647,0.0155465104757442,0.003966586483440912
57,0.0133422281521014,0.009869878173714543,0.0031913476056486503
58,0.00867244829886591,0.004691426880209973,0.0033255499234268997
59,0.0066711140760507,0.006422059115038111,0.002502330614374275
60,0.00800533689126084,0.00904885801242223,0.002752076493487498
61,0.01467645096731154,0.015847341882675253,0.004019418346106209
62,0.0133422281521014,0.011126993098267451,0.00435859307750949
63,0.00933955970647098,0.00754878368738432,0.0028706604748162195
64,0.00600400266844563,0.003798862561554481,0.0017901936400991992
65,0.01267511674449633,0.009706041268619067,0.003426432467045949
66,0.01400933955970647,0.021715194567820388,0.0037436070075479583
67,0.0066711140760507,0.00348694518904652,0.002510278783016077
68,0.01400933955970647,0.014090693589998307,0.003655532058840349
69,0.0266844563042028,0.0310970594692078,0.007257715767369292
70,0.01000667111407605,0.008393105233525367,0.00245163184172602
71,0.00867244829886591,0.008929897093300276,0.0026387820799928185
72,0.01200800533689126,0.00815074025111394,0.003614705286324129
73,0.011340893929286189,0.0070402567425858174,0.003390817864760609
74,0.016677785190126748,0.012894534820316656,0.0039880827392251945
75,0.01734489659773182,0.015206169200851657,0.005011764709032697
76,0.02468312208138759,0.03589091458687579,0.007256939056494513
77,0.0066711140760507,0.00453378364323166,0.0025768410518227564
78,0.01000667111407605,0.005189919879603439,0.0029220300007427695
79,0.01200800533689126,0.008840442341303234,0.003844528680367055
80,0.0133422281521014,0.009639690978475095,0.0034486944110250876
81,0.00533689126084056,0.005759810934655016,0.0019450178951039591
82,0.016677785190126748,0.018092773922123096,0.004687481058682382
83,0.0066711140760507,0.006390987469553767,0.0020195591563647274
84,0.016677785190126748,0.017193559101355324,0.004290836520354174
85,0.01200800533689126,0.006104923401757077,0.0027837326493855108
86,0.01000667111407605,0.006893099947540446,0.002439472288671048
87,0.00533689126084056,0.0016776587327478108,0.001430383481468681
88,0.00800533689126084,0.006275375896003758,0.002375361091973105
89,0.00733822548365577,0.003128993413054072,0.0024023969018849723
90,0.01734489659773182,0.020127388281430524,0.005193605247756124
91,0.00466977985323549,0.004744650727068363,0.001629628525306704
92,0.01200800533689126,0.008890603913992498,0.0027804474792988963
93,0.011340893929286189,0.0064164636137040215,0.003575624867601868
94,0.01467645096731154,0.0112468192194103,0.004075872482038695
95,0.01534356237491661,0.010630728320477305,0.004613459386950486
96,0.00867244829886591,0.006942541791221432,0.0024216234313881924
97,0.01267511674449633,0.009458745829554924,0.0034232568009373732
98,0.00933955970647098,0.00571994277212564,0.002809323095590414
99,0.00733822548365577,0.005504917571254698,0.0023827234340417056
100,0.01267511674449633,0.015191758923528281,0.003704325315654914
101,0.01067378252168112,0.008540793459116165,0.0028739391920174955
102,0.01067378252168112,0.007477623641122359,0.003158184203434035
103,0.01067378252168112,0.010313661058335716,0.004008648329460422
104,0.00933955970647098,0.010262060294822711,0.002670450113726829
105,0.00800533689126084,0.006179324605200586,0.002859807339288371
106,0.01000667111407605,0.009091665267306785,0.002901032935975596
107,0.01067378252168112,0.014455782441113035,0.003499777372081467
108,0.00600400266844563,0.004821151100016313,0.0017532274007168943
109,0.01467645096731154,0.013632375595291766,0.00418444485481966
110,0.00867244829886591,0.00642365842315729,0.0023095824068465514
111,0.01200800533689126,0.009647462798565374,0.003186490238954926
112,0.00533689126084056,0.0022647917080822915,0.001453842269796693
113,0.00400266844563042,0.0009892501045584033,0.0013279102656696539
114,0.01067378252168112,0.00922063422572809,0.00267173965664017
115,0.01534356237491661,0.015354856293398571,0.0039176870979756645
116,0.0133422281521014,0.012781226863692464,0.0030746394258367124
117,0.0133422281521014,0.010954208363267035,0.0033968346692394603
118,0.00466977985323549,0.002108200272433395,0.0017074607259314329
119,0.00733822548365577,0.00446207768866939,0.002195774457478201
120,0.01534356237491661,0.014234316176079823,0.004039476951668024
121,0.00800533689126084,0.004068866389582427,0.00275760886745815
122,0.01200800533689126,0.012477192111977951,0.003664283200483432
123,0.01400933955970647,0.009575835583039649,0.004753807931092095
124,0.00466977985323549,0.0036712141496253272,0.0015546506362985738
125,0.00867244829886591,0.007382412074273898,0.002572673455724943
126,0.00867244829886591,0.004587834117461528,0.002411262287522749
127,0.00466977985323549,0.003772055460143179,0.001385069359539811
128,0.00400266844563042,0.001545170428694765,0.0010381618829587648
129,0.01067378252168112,0.010571922860289386,0.0034037368524360233
130,0.01734489659773182,0.02205659355225693,0.0042398216484332675
131,0.00933955970647098,0.006303195235869059,0.0030309755388651487
132,0.01534356237491661,0.016814406110886596,0.004047634028150016
133,0.01267511674449633,0.007418799296509655,0.0035478544627220764
134,0.00733822548365577,0.006010876197884677,0.0025019869234928775
135,0.00466977985323549,0.0028196241329768146,0.0013748547424874585
136,0.011340893929286189,0.006431795514488305,0.0023138629363458956
137,0.01400933955970647,0.01289701179354666,0.003724961302286078
138,0.00800533689126084,0.0043059211830293745,0.0018009184238278236
139,0.0133422281521014,0.017367633178653627,0.003893940254521872
140,0.00333555703802535,0.002683249751549517,0.0010863580373089694
141,0.01934623082054703,0.02760262718533294,0.005103092915523158
142,0.01267511674449633,0.007914917271757034,0.003513531029845979
143,0.00933955970647098,0.0074240082084244575,0.0029001894601131204
144,0.00800533689126084,0.007025960420148032,0.0027291493550501878
145,0.00933955970647098,0.009080469302494459,0.0027579593295366843
146,0.01467645096731154,0.012411209846603962,0.0036720751876890105
147,0.01000667111407605,0.00534952138044589,0.0031510021702767324
148,0.00600400266844563,0.004420296615188801,0.002115941565500008
149,0.01067378252168112,0.008353662863490435,0.0032724657642077665
150,0.0,0.0,0.0001122082585418489
151,0.00066711140760507,3.874330538989372e-05,0.00021146326390095933
152,0.0,0.0,0.0001122082585418489
153,0.00133422281521014,0.0002669888320917257,0.0004840471008637291
154,0.00200133422281521,0.0016854789365398414,0.0007804232546809758
155,0.00466977985323549,0.0013918204753139373,0.001123044877565628
156,0.00066711140760507,0.00023306352342685268,0.00030575866722417006
157,0.00133422281521014,0.000489799175575925,0.0002750531996507627
158,0.00133422281521014,0.0003669087653076146,0.00036271574125120766
159,0.00333555703802535,0.0008192753952809069,0.0009181874259023956
160,0.0,0.0,0.0001122082585418489
161,0.0,0.0,0.0001122082585418489
162,0.00066711140760507,0.00017701452983563898,0.0002292847497948367
163,0.0,0.0,0.0001122082585418489
164,0.0,0.0,0.0001122082585418489
165,0.00133422281521014,0.0010429739096202097,0.0006795329201852055
166,0.0,0.0,0.0001122082585418489
167,0.00066711140760507,0.00012726559664937977,0.0002447650820012228
168,0.00400266844563042,0.002695561171387892,0.000868180916993565
169,0.00266844563042028,0.0006008502814463444,0.0008020033886470736
170,0.00133422281521014,0.00021811779517015613,0.00027811567733748683
171,0.00600400266844563,0.0036670432026914266,0.0013717273675960674
172,0.00066711140760507,0.00046225743731245853,0.0002075852784000434
173,0.00200133422281521,0.0011803156975863799,0.00043153505654691215
174,0.00066711140760507,0.00013352854117259223,0.0003748321224299163
175,0.0,0.0,0.0001122082585418489
176,0.00400266844563042,0.0018368491986032577,0.00118251487922772
177,0.00066711140760507,0.00010686750538442957,0.0002742663543868355
178,0.00066711140760507,3.431644201741711e-05,0.00019519891461032893
179,0.011340893929286189,0.01253853136950555,0.0026196820835256334
180,0.00333555703802535,0.0024322493375512383,0.0007004137446252911
181,0.0,0.0,0.0001122082585418489
182,0.00600400266844563,0.003647806545465711,0.0015077578508380066
183,0.00200133422281521,0.000706670658053838,0.0005813702773323228
184,0.00333555703802535,0.0012675719297831631,0.0007893649198355449
185,0.00066711140760507,6.535499814495152e-05,0.00016630084027423474
186,0.00200133422281521,0.0008830492197427624,0.0005617483757681646
187,0.00266844563042028,0.0012732700083698326,0.0008446284592039031
188,0.0,0.0,0.0001122082585418489
189,0.00600400266844563,0.0031528769063609457,0.0016949336923637994
190,0.00133422281521014,0.00023817614069020422,0.0005495404263495628
191,0.00333555703802535,0.0012292777906739445,0.0007656258799586067
192,0.00200133422281521,0.0011673652615249897,0.001300380675652015
193,0.0,0.0,0.0001122082585418489
194,0.00266844563042028,0.0006513421323165814,0.0007592985596650164
195,0.0,0.0,0.0001122082585418489
196,0.00066711140760507,3.369241079681455e-05,0.0002855063990094085
197,0.00066711140760507,0.00037839411319517046,0.00030423637818847586
198,0.00333555703802535,0.0019045930326297134,0.0009968214435245727
199,0.00066711140760507,2.185119619662096e-05,0.00019782476228827234
200,0.00133422281521014,0.00027959812971638644,0.00053125733730306
201,0.00400266844563042,0.002618756765440262,0.0007806583086782432
202,0.0,0.0,0.0001122082585418489
203,0.00600400266844563,0.0033714552009760286,0.0012937652278250437
204,0.00133422281521014,9.234268104550805e-05,0.0002694073177066597
205,0.0,0.0,0.0001122082585418489
206,0.00200133422281521,0.0009055528478540822,0.0005789420081804677
207,0.00333555703802535,0.0017623082492144644,0.0010188289679147727
208,0.00400266844563042,0.003029790735221888,0.0012611147701116054
209,0.00800533689126084,0.00425580431414946,0.0015255376814992223
210,0.0066711140760507,0.0037493682327879407,0.0017375196249725686
211,0.00133422281521014,0.0001426557859059156,0.0005163475303339031
212,0.00266844563042028,0.0011485008533844545,0.0007299347544931343
213,0.0,0.0,0.0001122082585418489
214,0.00400266844563042,0.002306138439818305,0.0008339734614022147
215,0.00133422281521014,0.0005614443447033043,0.0003119480123320322
216,0.00600400266844563,0.003010872518761353,0.001419820812350094
217,0.0,0.0,0.0001122082585418489
218,0.00266844563042028,0.0010752484224195945,0.0006001007689402771
219,0.00266844563042028,0.0004662625134572861,0.00045146233387175665
220,0.00066711140760507,0.0,0.0004313309497043772
221,0.00133422281521014,0.0001036495903490302,0.0005405276491868272
222,0.00266844563042028,0.0017130084979106574,0.0007937584637940862
223,0.0,0.0,0.0001122082585418489
224,0.00266844563042028,0.0008162319212244089,0.0006581655667283109
225,0.0,0.0,0.0001122082585418489
226,0.00400266844563042,0.0012419466683814518,0.0010681146419509568
227,0.00400266844563042,0.0025903370596030957,0.001039157353736423
228,0.00466977985323549,0.0023704884889728375,0.0010899241396913097
229,0.00066711140760507,0.0004622574373124584,0.0002075852784000434
230,0.00333555703802535,0.0026769280917091644,0.0013143967638398748
231,0.0,0.0,0.0001122082585418489
232,0.0,0.0,0.0001122082585418489
233,0.00200133422281521,0.0004471728931891233,0.0005903008834521479
234,0.00133422281521014,0.00020301899806901224,0.0003383072013567009
235,0.00800533689126084,0.0034057106392163922,0.0013459451582544567
236,0.00200133422281521,0.00010814488626557323,0.0004169488738606092
237,0.00133422281521014,0.0006013605874930053,0.0003122378601668044
238,0.00133422281521014,0.00034820304294607877,0.0004124964004972078
239,0.0,0.0,0.0001122082585418489
240,0.00133422281521014,0.0002713544276430391,0.0004892564679727595
241,0.00133422281521014,0.001008483447036871,0.0007238812972973605
242,0.00066711140760507,8.764262080854749e-05,0.00021140438380425785
243,0.00200133422281521,0.0011704794641098034,0.0008022997762070981
244,0.0,0.0,0.0001122082585418489
245,0.0,0.0,0.0001122082585418489
246,0.00133422281521014,0.0006670326243782671,0.0004601260740417685
247,0.00600400266844563,0.004203759635192029,0.0017383565202555755
248,0.0,0.0,0.0001122082585418489
249,0.00066711140760507,0.0,0.00035625579499893304
250,0.00333555703802535,0.002846898125173238,0.0010775531108195063
251,0.00200133422281521,0.0008520462121724936,0.0007249244911193408
252,0.00266844563042028,0.0002480596049352557,0.0007161290333521085
253,0.00066711140760507,0.0,0.0003718327229815206
254,0.0,0.0,0.0001122082585418489
255,0.00266844563042028,0.0027847631771591745,0.0008589207672804397
256,0.00266844563042028,0.0007413176153275087,0.0008797976926793285
257,0.0,0.0,0.0001122082585418489
258,0.00266844563042028,0.001044003274144434,0.0007206377703649065
259,0.00266844563042028,0.002273136093053575,0.000580719815769437
260,0.00200133422281521,0.000989139416509327,0.0005451849281919893
261,0.00400266844563042,0.0009726139959648424,0.0006092842719381769
262,0.00466977985323549,0.0007260964307260719,0.000788187560575497
263,0.00400266844563042,0.0022325987485024993,0.0012204493767512166
264,0.0,0.0,0.0001122082585418489
265,0.0,0.0,0.0001122082585418489
266,0.00266844563042028,0.000574725996213866,0.0005943549594934521
267,0.00133422281521014,0.00044742403478015605,0.0004409124556153342
268,0.00200133422281521,0.00028807359794533264,0.0005970190714206359
269,0.00066711140760507,6.911101455614706e-05,0.00015989676847094614
270,0.0,0.0,0.0001122082585418489
271,0.00066711140760507,0.00011362323563039933,0.00027250752379534305
272,0.00066711140760507,0.0,0.0006987796792670984
273,0.00733822548365577,0.0037437584633719266,0.001861616798578614
274,0.00133422281521014,8.622305939693978e-05,0.00041217647559680466
275,0.0,0.0,0.0001122082585418489
276,0.00133422281521014,9.303233135358379e-05,0.0004689033352701922
277,0.00333555703802535,0.0020011176176598783,0.001176104111007988
278,0.00200133422281521,0.0014974096220629928,0.0006806614691971632
279,0.0,0.0,0.0001122082585418489
280,0.0,0.0,0.0001122082585418489
281,0.0,0.0,0.0001122082585418489
282,0.0066711140760507,0.008732799945952547,0.0016948501832595032
283,0.00333555703802535,0.0012188327882618297,0.0009020004204973309
284,0.00066711140760507,0.00021644195475408506,0.00029721681427938583
285,0.0,0.0,0.0001122082585418489
286,0.00066711140760507,0.00018078004296895214,0.0001565704714283394
287,0.00333555703802535,0.001299387920800406,0.001032914589921781
288,0.00200133422281521,0.0003801160919873907,0.0004867998212647872
289,0.00533689126084056,0.0038832232007357283,0.0010945400636305797
290,0.0,0.0,0.0001122082585418489
291,0.00600400266844563,0.006670154287718321,0.0018347259936265696
292,0.00066711140760507,8.800993572296502e-05,0.00032733642760390927
293,0.00200133422281521,0.0004759114586080865,0.00046054715878591064
294,0.00133422281521014,0.0004442516234115165,0.00042188813625784245
295,0.00266844563042028,0.0006536433370364827,0.0005761047813090336
296,0.00600400266844563,0.0023995548567503455,0.0016679218186754288
297,0.00333555703802535,0.0019886420319630933,0.0010987422058093758
298,0.0,0.0,0.0001122082585418489
299,0.00133422281521014,0.0003663702817952227,0.0005028422431424785
300,0.00200133422281521,0.0007524663809538015,0.0005288660180810179
301,0.00133422281521014,6.478829364620439e-05,0.0004335132643523756
302,0.00266844563042028,0.0008708920585078461,0.0008401279115759888
303,0.00533689126084056,0.0033942887448293675,0.0012736246778438064
304,0.0,0.0,0.0001122082585418489
305,0.0,0.0,0.0001122082585418489
306,0.00266844563042028,0.0011526362246548556,0.0011039529560757995
307,0.00266844563042028,0.000796385108356361,0.0007390524787707607
308,0.00066711140760507,0.00017706106060395534,0.0004001311554628449
309,0.00066711140760507,1.9656250477059473e-05,0.00018946989071888962
310,0.00066711140760507,0.00011425922075509887,0.00037931666866884966
311,0.00133422281521014,6.342717896059993e-05,0.0005185951750887731
312,0.00533689126084056,0.0023205766147026165,0.001224245642031127
313,0.01067378252168112,0.010766338293175862,0.0022036145740570758
314,0.00400266844563042,0.002717254504428644,0.0006564636008916718
315,0.00066711140760507,0.0,0.0002793138020908641
316,0.0,0.0,0.0001122082585418489
317,0.0,0.0,0.0001122082585418489
318,0.00466977985323549,0.001693762316955345,0.0010748477289983422
319,0.00133422281521014,0.0,0.0005941895273842493
320,0.00266844563042028,0.00047303713666333055,0.0007483993119638963
321,0.0,0.0,0.0001122082585418489
322,0.00333555703802535,0.0010642734678553316,0.0004973435151385284
323,0.00066711140760507,0.0,0.0004023556533175909
324,0.00266844563042028,0.00028783402972304103,0.00035326580014400857
325,0.0,0.0,0.0001122082585418489
326,0.00266844563042028,0.000766769208749593,0.0007271069124771
327,0.00266844563042028,0.0015569519152470461,0.0007546664763864899
328,0.00066711140760507,0.0,0.00027917964355998867
329,0.00466977985323549,0.0032983759789177117,0.0012553601027377225
330,0.00333555703802535,0.0017362591971582678,0.0013903490608476233
331,0.00333555703802535,0.001696881147816004,0.0008658719631346502
332,0.0,0.0,0.0001122082585418489
333,0.00266844563042028,0.0007932202697862948,0.0007557183792065226
334,0.00066711140760507,0.0002531907452604621,0.00033174306505260947
335,0.00066711140760507,0.00016020829898001878,0.0003577140912621633
336,0.00133422281521014,0.00023128513385301704,0.000720234585931953
337,0.00066711140760507,0.00015066731737978025,0.00018179470269233714
338,0.00066711140760507,0.0004622574373124584,0.0003276459157229723
339,0.00266844563042028,0.000557593665561121,0.00037479104580238285
340,0.00066711140760507,0.0004622574373124584,0.0002738379631928514
341,0.0,0.0,0.0001122082585418489
342,0.00066711140760507,0.00024899163012471467,0.0002840322871394831
343,0.0,0.0,0.0001122082585418489
344,0.00066711140760507,0.00016056512246197648,0.00015989676847094614
345,0.00200133422281521,0.0013110616409348524,0.0006359533536748703
346,0.00066711140760507,0.0,0.00047956586267909336
347,0.00200133422281521,0.0013118691933374442,0.00043398322883528555
348,0.00133422281521014,0.00024363569401434469,0.00040425707924969794
349,0.00266844563042028,0.0014884401086054748,0.0010564014088918546
350,0.00133422281521014,0.00010778274887157725,0.0003543720202340233
351,0.0,0.0,0.0001122082585418489
352,0.00066711140760507,9.970844871765544e-05,0.00020830543437221066
353,0.0,0.0,0.0001122082585418489
354,0.00066711140760507,0.0,0.00033076181076169275
355,0.00066711140760507,0.0,0.0002964132039503442
356,0.0,0.0,0.0001122082585418489
357,0.0,0.0,0.0001122082585418489
358,0.0,0.0,0.0001122082585418489
359,0.0,0.0,0.0001122082585418489
360,0.00133422281521014,0.0013577869312353683,0.0006005021031431773
361,0.0,0.0,0.0001122082585418489
362,0.00133422281521014,0.00046181210259443103,0.00039218466867343375
363,0.0,0.0,0.0001122082585418489
364,0.00133422281521014,0.0002444559840445278,0.00031097155062311823
365,0.0,0.0,0.0001122082585418489
366,0.00066711140760507,9.423828645433497e-05,0.0003748321224299163
367,0.0,0.0,0.0001122082585418489
368,0.00266844563042028,0.0010271214662912003,0.0008430671860898969
369,0.00466977985323549,0.0016875297976664608,0.0010214990798437739
370,0.0,0.0,0.0001122082585418489
371,0.0,0.0,0.0001122082585418489
372,0.00466977985323549,0.0017761903682015866,0.0010499948061598147
373,0.00266844563042028,0.0004789525651779159,0.0004796120298571496
374,0.00066711140760507,0.00014486559920314702,0.0003084784582504301
375,0.00200133422281521,0.00022199181733498433,0.0007497426588485503
376,0.0,0.0,0.0001122082585418489
377,0.00200133422281521,0.0007234972883601225,0.00039984885328878063
378,0.00133422281521014,0.0005353317907968577,0.0003837162502187225
379,0.0,0.0,0.0001122082585418489
380,0.0,0.0,0.0001122082585418489
381,0.00133422281521014,0.0004955054372899827,0.0004948300170465937
382,0.00200133422281521,0.001461766380440569,0.0005761348672051717
383,0.0,0.0,0.0001122082585418489
384,0.0,0.0,0.0001122082585418489
385,0.00066711140760507,4.6350460445664955e-05,0.00022417831751321056
386,0.00066711140760507,0.0,0.00024464225590675303
387,0.00400266844563042,0.0032166358710562434,0.0009352776108520162
388,0.00600400266844563,0.005643626920550348,0.0016254459259652735
389,0.00333555703802535,0.001299808492035006,0.0009330339919012654
390,0.00133422281521014,0.00022551895592763603,0.000307456703632907
391,0.00066711140760507,0.0,0.00033928598918481917
392,0.00200133422281521,0.0010662569527326786,0.0003396313488964912
393,0.0,0.0,0.0001122082585418489
394,0.00333555703802535,0.0012966561922080567,0.0004108635837281977
395,0.00066711140760507,0.00025968394321025185,0.0003748321224299163
396,0.00200133422281521,0.0004899196905052389,0.0008698545046728478
397,0.00066711140760507,0.0004622574373124584,0.0002075852784000434
398,0.00066711140760507,0.0,0.00043488958653127726
399,0.00133422281521014,0.00015066181295441165,0.00043875816940867885
400,0.00200133422281521,0.0003010914298852958,0.0006433261637291938
401,0.00466977985323549,0.0012342467706110828,0.000759880011573152
402,0.0,0.0,0.0001122082585418489
403,0.00066711140760507,4.0973714791537146e-05,0.00031106148881230043
404,0.00066711140760507,0.0,0.00048125294360719145
405,0.0,0.0,0.0001122082585418489
406,0.00133422281521014,0.0001702883270400344,0.0006634358865320757
407,0.00066711140760507,3.15788394951744e-05,0.00025683599528847465
408,0.00133422281521014,0.0009377023422972104,0.0005657456051120376
409,0.00066711140760507,0.00012381928042428587,0.0003861408965832918
410,0.0,0.0,0.0001122082585418489
411,0.0,0.0,0.0001122082585418489
412,0.00066711140760507,0.0,0.00028464814146864266
413,0.00066711140760507,9.193436274923526e-05,0.0002854082715021951
414,0.00200133422281521,0.00033794268727228437,0.0005462832870904189
415,0.0,0.0,0.0001122082585418489
416,0.00333555703802535,0.0010476436319494314,0.0005661132110660257
417,0.0,0.0,0.0001122082585418489
418,0.00200133422281521,0.00046847441189559145,0.0005582803243074136
419,0.0,0.0,0.0001122082585418489
420,0.00133422281521014,0.0012597316683332794,0.0005283688948059471
421,0.00400266844563042,0.0023014103314584035,0.0010014301729803106
422,0.00133422281521014,0.0008853967630162852,0.0005269670676153625
423,0.00133422281521014,0.0001574103746714828,0.00046620817692471004
424,0.00133422281521014,0.0005860167128711465,0.0004623690666960288
425,0.00266844563042028,0.001057507553879366,0.0005567544491640199
426,0.00200133422281521,0.0011510573921277758,0.0007373917855726203
427,0.00200133422281521,0.0003317991090463049,0.0007359137612942044
428,0.00266844563042028,0.0017839785627794561,0.00099012305501784
429,0.0,0.0,0.0001122082585418489
430,0.0,0.0,0.0001122082585418489
431,0.00066711140760507,5.757319077988412e-05,0.0002135063338878363
432,0.0,0.0,0.0001122082585418489
433,0.00133422281521014,9.590145446730973e-05,0.0006436242386838977
434,0.00133422281521014,0.0005099149859342222,0.0002765203006210931
435,0.00200133422281521,0.001122714035779644,0.0005272931968462378
436,0.0,0.0,0.0001122082585418489
437,0.00200133422281521,0.0013461352045802757,0.0005024491399651086
438,0.00133422281521014,0.00020941360924427245,0.0004295729660186997
439,0.00133422281521014,0.0001311757135772539,0.0004352117919294434
440,0.00400266844563042,0.001706333466997079,0.001338136344472035
441,0.0,0.0,0.0001122082585418489
442,0.0,0.0,0.0001122082585418489
443,0.0,0.0,0.0001122082585418489
444,0.0,0.0,0.0001122082585418489
445,0.00066711140760507,0.0,0.0003009862041337479
446,0.00066711140760507,8.716942260414885e-05,0.00028995115880971293
447,0.0,0.0,0.0001122082585418489
448,0.0,0.0,0.0001122082585418489
449,0.0,0.0,0.0001122082585418489
450,0.00266844563042028,0.0010318029062029205,0.0007768420594829501
451,0.00600400266844563,0.007076779281138027,0.001338689278150532
452,0.0,0.0,0.0001122082585418489
453,0.00066711140760507,0.0002828149392175682,0.0003360277402896253
454,0.00133422281521014,0.0001743106769021414,0.000654343712905601
455,0.0,0.0,0.0001122082585418489
456,0.0,0.0,0.0001122082585418489
457,0.00333555703802535,0.0028964560029493503,0.0008650195211270476
458,0.00266844563042028,0.0007297298398004138,0.0007755702105949029
459,0.00066711140760507,0.0001265746535838444,0.00021920608436837622
460,0.00066711140760507,0.0,0.00027982616391977755
461,0.00133422281521014,0.00017024511432581956,0.00023849005813277653
462,0.00066711140760507,0.0001266668337609761,0.00043375292865293155
463,0.0,0.0,0.0001122082585418489
464,0.00533689126084056,0.002091855691829664,0.00123776109720721
465,0.00066711140760507,0.0,0.00022544951768397177
466,0.00133422281521014,0.00019382262450863577,0.0004992649737289493
467,0.00066711140760507,0.0,0.00024163985556666383
468,0.0,0.0,0.0001122082585418489
469,0.00066711140760507,0.0001327597449594632,0.0002030237516384797
470,0.00200133422281521,0.0005493065356005531,0.00038994777018165275
471,0.00066711140760507,0.00013411012870892053,0.0004052371455082667
472,0.00200133422281521,0.0008452588520704891,0.00034880202563574727
473,0.00133422281521014,0.00020032232871521898,0.00044165128479636774
474,0.00533689126084056,0.002694460361348853,0.0011675818736835448
475,0.00200133422281521,0.0003978281046940215,0.0006446815755029095
476,0.0,0.0,0.0001122082585418489
477,0.00066711140760507,0.0,0.00023543786363746288
478,0.0,0.0,0.0001122082585418489
479,0.00400266844563042,0.002216151536800109,0.0012576319484703155
480,0.0,0.0,0.0001122082585418489
481,0.00533689126084056,0.002408315280994856,0.00126162144739436
482,0.00133422281521014,7.894136417876157e-05,0.0005457457153665686
483,0.00266844563042028,0.0017904187485185735,0.0008285033422839039
484,0.00066711140760507,0.0,0.00028081598749626007
485,0.00200133422281521,0.0008163583531610055,0.0006630718539108875
486,0.0,0.0,0.0001122082585418489
487,0.0,0.0,0.0001122082585418489
488,0.00066711140760507,7.328941031503577e-05,0.0002504640646010529
489,0.00133422281521014,5.294590792632131e-05,0.00040941482382038044
490,0.0,0.0,0.0001122082585418489
491,0.00133422281521014,3.710254595071062e-05,0.0005308070963911369
492,0.00333555703802535,0.0014813764901534443,0.0007453311495537692
493,0.0,0.0,0.0001122082585418489
494,0.00066711140760507,0.00023737839018104817,0.00035185793645408356
495,0.00066711140760507,1.3480951849995926e-05,0.0002087964552708847
496,0.00133422281521014,0.00019388980731316338,0.0004005354860621343
497,0.00133422281521014,0.00020047661438002667,0.00046004876914969067
498,0.0,0.0,0.0001122082585418489
499,0.0,0.0,0.0001122082585418489
500,0.0,0.0,0.0001122082585418489
501,0.00200133422281521,0.0008059853858296554,0.0006290557644759867
502,0.00333555703802535,0.002746211757996422,0.0008544076397103992
503,0.0,0.0,0.0001122082585418489
504,0.0,0.0,0.0001122082585418489
505,0.00066711140760507,0.00046602414371619145,0.0003948540308586787
506,0.00400266844563042,0.002869449704239368,0.0013082651632961091
507,0.00066711140760507,8.030431858466412e-05,0.0003418622568207964
508,0.00133422281521014,0.00010943959526513561,0.000640842219968184
509,0.00200133422281521,0.0012025583020601753,0.000550957662815224
510,0.00400266844563042,0.0030535863755225294,0.001027907575062652
511,0.00266844563042028,0.00028107308712858425,0.0004631124613957374
512,0.00066711140760507,8.469260755671872e-05,0.0003751286875231959
513,0.00200133422281521,0.00021441921107594864,0.00038692301829916775
514,0.00066711140760507,6.974229495851344e-05,0.00026101318161548544
515,0.00133422281521014,0.0005304285485800253,0.0004145861320368726
516,0.00200133422281521,0.0012665734235410538,0.0009038055153765928
517,0.00066711140760507,4.4935510724012875e-05,0.00016720446887726298
518,0.00200133422281521,0.0006085181707076933,0.0007934647908038978
519,0.00066711140760507,6.370535224759821e-05,0.00015661928063059118
520,0.00133422281521014,3.2156715873764444e-05,0.0004727652204393959
521,0.00133422281521014,0.0005805429326628058,0.00031516668763733637
522,0.0,0.0,0.0001122082585418489
523,0.00066711140760507,0.00010624345672486114,0.00023543786363746288
524,0.0,0.0,0.0001122082585418489
525,0.00400266844563042,0.001944356251746266,0.001093588849416601
526,0.0,0.0,0.0001122082585418489
527,0.00333555703802535,0.002549852800094951,0.001078600005777333
528,0.00066711140760507,0.0,0.00036223292197493686
529,0.00266844563042028,0.0005639360826684497,0.0007449707064152755
530,0.00133422281521014,0.00013976775980352961,0.0004992825983471552
531,0.0,0.0,0.0001122082585418489
532,0.00066711140760507,0.0,0.00036967578423972993
533,0.00066711140760507,3.471825492120906e-05,0.00019649153499929652
534,0.00133422281521014,7.396994203376521e-05,0.00041591751665138267
535,0.00333555703802535,0.002044678842390881,0.0008636269715420539
536,0.00133422281521014,0.00045194456406971007,0.0006433114986387069
537,0.00133422281521014,0.00011664266767167371,0.0006267661277250785
538,0.00133422281521014,0.00039813963077683565,0.00035337932978590336
539,0.00066711140760507,0.00023878989987482065,0.00028646515814990204
540,0.00333555703802535,0.0012945951080564273,0.000773224850575901
541,0.00133422281521014,0.0002335016918969061,0.0004714012428320342
542,0.00266844563042028,0.0014474900714999952,0.0007721609972612368
543,0.00600400266844563,0.005337032712629456,0.0013589658560441856
544,0.00133422281521014,0.001065807852382744,0.00037186758807858746
545,0.0,0.0,0.0001122082585418489
546,0.00133422281521014,0.00035596617452506035,0.00022574310723306014
547,0.0,0.0,0.0001122082585418489
548,0.00133422281521014,5.711157991072939e-05,0.0004111910769770088
549,0.00066711140760507,0.0004622574373124584,0.0002075852784000434
550,0.0,0.0,0.0001122082585418489
551,0.00066711140760507,0.0004983349379271627,0.0003509103917602929
552,0.00133422281521014,0.00013822013454812228,0.0006229441140673955
553,0.0,0.0,0.0001122082585418489
554,0.00266844563042028,0.0011572022833840135,0.0009261599179340083
555,0.00066711140760507,9.505207768649921e-05,0.00028694534071118283
556,0.00200133422281521,0.001163031576245613,0.0007389773996662387
557,0.00200133422281521,0.0008047444224861973,0.00042785183890166193
558,0.00200133422281521,0.0017195131026851614,0.0008304905810345218
559,0.00200133422281521,0.0009104605311824155,0.00030941863948565274
560,0.0,0.0,0.0001122082585418489
561,0.00200133422281521,0.001235088345043216,0.0009108264325430973
562,0.00400266844563042,0.0014669026523328541,0.00081319075471114
563,0.0,0.0,0.0001122082585418489
564,0.0,0.0,0.0001122082585418489
565,0.00066711140760507,0.0,0.00034860338180941255
566,0.0,0.0,0.0001122082585418489
567,0.00133422281521014,0.0006042080590255693,0.0003496966133521916
568,0.0,0.0,0.0001122082585418489
569,0.0,0.0,0.0001122082585418489
570,0.00133422281521014,0.00020294393003007978,0.00041716391533255353
571,0.0,0.0,0.0001122082585418489
572,0.0,0.0,0.0001122082585418489
573,0.0,0.0,0.0001122082585418489
574,0.00266844563042028,0.001305918468532825,0.0006772204079702863
575,0.0,0.0,0.0001122082585418489
576,0.0,0.0,0.0001122082585418489
577,0.00133422281521014,0.00013110389138641662,0.0005010030538974375
578,0.00066711140760507,7.890494817010981e-05,0.00033647482680042594
579,0.00400266844563042,0.003554760858159117,0.0014231693667541463
580,0.00200133422281521,0.0011626601614300946,0.0010465983454225765
581,0.00266844563042028,0.0015756457698540736,0.0006153453957608911
582,0.00133422281521014,0.00020067833981987545,0.0004844211755395038
583,0.00133422281521014,0.0005185759545558686,0.00030861289438822753
584,0.00200133422281521,0.00036454876069029506,0.0005213961667728954
585,0.00133422281521014,0.00017541723893427306,0.00037070958537717354
586,0.0,0.0,0.0001122082585418489
587,0.00133422281521014,0.0011145057930252646,0.0006504985427156821
588,0.00400266844563042,0.0009787467876863393,0.0009071985506712641
589,0.00133422281521014,0.00021351884579865315,0.00041742255499642835
590,0.00133422281521014,0.0001833876643038017,0.0006636714046070698
591,0.00066711140760507,3.747205008934502e-05,0.00019012243542826325
592,0.00066711140760507,0.0,0.00048238268829734393
593,0.00066711140760507,5.4440075758792835e-05,0.0002185175560065168
594,0.0,0.0,0.0001122082585418489
595,0.00200133422281521,0.00029556547236253203,0.0005040900900759598
596,0.0,0.0,0.0001122082585418489
597,0.00400266844563042,0.002666118328137608,0.0010874902233338106
598,0.0,0.0,0.0001122082585418489
599,0.00333555703802535,0.0028262238329243698,0.000958803268704754
600,0.00200133422281521,0.0003620724047419263,0.00044029463775098525
601,0.0,0.0,0.0001122082585418489
602,0.00066711140760507,0.00020829350020010293,0.0002761005069738906
603,0.0,0.0,0.0001122082585418489
604,0.0,0.0,0.0001122082585418489
605,0.0,0.0,0.0001122082585418489
606,0.0,0.0,0.0001122082585418489
607,0.00333555703802535,0.0018635084005098888,0.0008427999250061638
608,0.00200133422281521,0.0006532277074856243,0.0008547190893191127
609,0.0,0.0,0.0001122082585418489
610,0.0,0.0,0.0001122082585418489
611,0.0,0.0,0.0001122082585418489
612,0.0,0.0,0.0001122082585418489
613,0.0,0.0,0.0001122082585418489
614,0.00066711140760507,0.00015021855350974043,0.00033076181076169275
615,0.00200133422281521,0.0012670967535610609,0.0006156831003567152
616,0.0,0.0,0.0001122082585418489
617,0.00200133422281521,0.0005523225924386552,0.000843624185037784
618,0.00133422281521014,0.0005924321299587672,0.0004952920383839968
619,0.0,0.0,0.0001122082585418489
620,0.0,0.0,0.0001122082585418489
621,0.0,0.0,0.0001122082585418489
622,0.00200133422281521,0.0006574628458471444,0.0006246629219910044
623,0.00066711140760507,0.00015330788003605218,0.0004187788889426564
624,0.00200133422281521,0.000422457401266123,0.0006549029609346109
625,0.00333555703802535,0.0026337789320039877,0.0009085802032510152
626,0.00200133422281521,0.0005848844383808655,0.000622917233524244
627,0.00133422281521014,0.001184265162725981,0.000541722672192089
628,0.00066711140760507,0.00023694866329403985,0.000368795731180735
629,0.0,0.0,0.0001122082585418489
630,0.00066711140760507,0.00016168790104429366,0.00024320150164759837
631,0.00333555703802535,0.000807661045595727,0.0005948684055418603
632,0.0,0.0,0.0001122082585418489
633,0.00200133422281521,0.0022510469084674935,0.00036579590858529384
634,0.00066711140760507,0.0,0.0004222265918756443
635,0.0,0.0,0.0001122082585418489
636,0.00066711140760507,0.0,0.0003803841356440731
637,0.00200133422281521,0.003069299589154678,0.0007829600177589372
638,0.00066711140760507,0.0,0.00032733642760390927
639,0.00066711140760507,4.955386418857514e-05,0.00035261682875201074
640,0.00133422281521014,0.00011653358125271637,0.0004069611593603021
641,0.00133422281521014,0.0009318992518682948,0.00036352356064061074
642,0.0,0.0,0.0001122082585418489
643,0.00400266844563042,0.002587327416331275,0.001070960709978164
644,0.00266844563042028,0.0009117651485557555,0.0006470937997299525
645,0.00266844563042028,0.0011134270099178608,0.0009208455846009964
646,0.00066711140760507,0.0,0.00045358128625873264
647,0.0,0.0,0.0001122082585418489
648,0.00133422281521014,7.243846112515622e-05,0.00026232603416197415
649,0.00066711140760507,0.00023153754365418382,0.00041984129234172717
650,0.00066711140760507,7.334786823399329e-05,0.00016901155835905728
651,0.00266844563042028,0.0010253578026715934,0.0007096709654527531
652,0.00200133422281521,0.0006912648164366523,0.000522666497206328
653,0.00066711140760507,0.0006783330884021831,0.0001942030426794745
654,0.0,0.0,0.0001122082585418489
655,0.0,0.0,0.0001122082585418489
656,0.00133422281521014,0.0007053620056233126,0.0004542444989802603
657,0.00200133422281521,0.001261439834699171,0.0007741187346835255
658,0.0,0.0,0.0001122082585418489
659,0.00200133422281521,0.0004085602351063278,0.0004931672280693987
660,0.00066711140760507,0.00011133247007168719,0.00029771726198492244
661,0.00133422281521014,0.00024098027095839018,0.0004911037831626172
662,0.0,0.0,0.0001122082585418489
663,0.0,0.0,0.0001122082585418489
664,0.00133422281521014,0.00085167536252773,0.0004371795411532645
665,0.0,0.0,0.0001122082585418489
666,0.00066711140760507,2.8040591651181663e-05,0.00016372016578076418
667,0.00066711140760507,0.0,0.000467311056388219
668,0.00133422281521014,0.00068897874955994,0.0003948803879125419
669,0.00200133422281521,0.0012406605350079713,0.0007362771038691997
670,0.0,0.0,0.0001122082585418489
671,0.00200133422281521,0.0012373970133605899,0.0008538937448694342
672,0.00066711140760507,9.644482685669832e-05,0.00020800543871204438
673,0.00066711140760507,0.0,0.0003718327229815206
674,0.00066711140760507,0.0,0.0003777613897583326
675,0.0,0.0,0.0001122082585418489
676,0.0,0.0,0.0001122082585418489
677,0.00200133422281521,0.0004074007167982985,0.0004780859698754649
678,0.00066711140760507,0.0004622574373124584,0.0002738379631928514
679,0.00066711140760507,0.0,0.00036967578423972993
680,0.00266844563042028,0.0005740806625959709,0.0009259133703493419
681,0.00133422281521014,0.00038370154199076435,0.0005951159219104741
682,0.0,0.0,0.0001122082585418489
683,0.0,0.0,0.0001122082585418489
684,0.00200133422281521,0.000249375801845904,0.0006521872800368949
685,0.00266844563042028,0.0022397615558062754,0.0011354865005857593
686,0.0,0.0,0.0001122082585418489
687,0.00200133422281521,0.00041868318926152766,0.0004714103394961574
688,0.00266844563042028,0.0013882499664089707,0.0008889327946877021
689,0.0,0.0,0.0001122082585418489
690,0.00266844563042028,0.0017859452614321927,0.0008071949366227976
691,0.00066711140760507,1.8671811015962044e-05,0.00020894008151670313
692,0.00066711140760507,9.101324966133291e-05,0.00017577304653469493
693,0.00133422281521014,0.0008584748889456086,0.0005216036294293145
694,0.00266844563042028,0.0008080372135810874,0.0009269177373619821
695,0.0,0.0,0.0001122082585418489
696,0.0,0.0,0.0001122082585418489
697,0.0,0.0,0.0001122082585418489
698,0.00066711140760507,0.0001411138412835396,0.00022748832656285117
699,0.00200133422281521,0.0005918195774273335,0.000593759456637574
700,0.00133422281521014,0.0011050287414560878,0.0005106189445237631
701,0.00066711140760507,7.344394523742393e-05,0.00019519891461032893
702,0.0,0.0,0.0001122082585418489
703,0.00133422281521014,0.0006541250774432115,0.0002757048381813435
704,0.00066711140760507,8.961598981746393e-05,0.00015989676847094614
705,0.0,0.0,0.0001122082585418489
706,0.0,0.0,0.0001122082585418489
707,0.00200133422281521,0.0006833484103253023,0.0007804664091650434
708,0.0,0.0,0.0001122082585418489
709,0.0,0.0,0.0001122082585418489
710,0.00133422281521014,0.0004710881883619157,0.00048508056104677115
711,0.00266844563042028,0.0017420413035010636,0.0009879746361596315
712,0.0,0.0,0.0001122082585418489
713,0.0,0.0,0.0001122082585418489
714,0.00133422281521014,0.00028264201075970676,0.00032521661124307604
715,0.0,0.0,0.0001122082585418489
716,0.00066711140760507,0.0,0.00037931666866884966
717,0.00133422281521014,0.0003043335657866879,0.0006498619345734174
718,0.00266844563042028,0.00032089988125811805,0.0007679836462307414
719,0.0,0.0,0.0001122082585418489
720,0.00066711140760507,0.000678677221859909,0.00023042716740838951
721,0.00133422281521014,0.0007388063008579327,0.0005178887338403896
722,0.00066711140760507,0.0,0.00018983070312889852
723,0.00066711140760507,0.0,0.00022317849885714107
724,0.00333555703802535,0.0019526272389156264,0.0007827928021301743
725,0.0,0.0,0.0001122082585418489
726,0.00133422281521014,0.000293784727638718,0.0004500146953904583
727,0.0,0.0,0.0001122082585418489
728,0.0,0.0,0.0001122082585418489
729,0.00066711140760507,0.0004622574373124584,0.0003276459157229723
730,0.0,0.0,0.0001122082585418489
731,0.0,0.0,0.0001122082585418489
732,0.00800533689126084,0.00454231025341385,0.002025637732376666
733,0.00533689126084056,0.005978870263672052,0.001247703632111343
734,0.00066711140760507,0.00014068556934566356,0.00035261682875201074
735,0.0,0.0,0.0001122082585418489
736,0.0,0.0,0.0001122082585418489
737,0.0,0.0,0.0001122082585418489
738,0.00066711140760507,0.00014725147045361282,0.0003803841356440731
739,0.00133422281521014,0.0006184182766448506,0.00028161791357029484
740,0.00333555703802535,0.002067229079718434,0.0008076798310659492
741,0.0,0.0,0.0001122082585418489
742,0.0,0.0,0.0001122082585418489
743,0.00066711140760507,3.162649041911885e-05,0.00030569106201551823
744,0.00133422281521014,0.0002206274148856546,0.00042988946784336114
745,0.00066711140760507,0.0,0.00030569081985680615
746,0.00066711140760507,0.00037721419559499664,0.00027120499013140047
747,0.00066711140760507,2.257823744279006e-05,0.00022391917947503997
748,0.00066711140760507,0.00020734388307714515,0.00036370556390803987
749,0.00133422281521014,0.0003233429451055846,0.0005837335407737689
750,0.00200133422281521,0.0010874334487041741,0.0004764860687190368
751,0.00066711140760507,0.0,0.00028471573511088774
752,0.00133422281521014,4.7354946572418464e-05,0.0004347772030379033
753,0.00200133422281521,0.00019545448143480062,0.000339752083831377
754,0.0,0.0,0.0001122082585418489
755,0.00066711140760507,0.0,0.0002970543810350637
756,0.00133422281521014,0.00040220159324639546,0.0003821126950618567
757,0.0,0.0,0.0001122082585418489
758,0.00066711140760507,4.9663497647511966e-05,0.00027596105870958615
759,0.0,0.0,0.0001122082585418489
760,0.00133422281521014,0.0006521215796876046,0.0005583573156193325
761,0.0,0.0,0.0001122082585418489
762,0.0,0.0,0.0001122082585418489
763,0.00333555703802535,0.0018725669893655994,0.001003512861605372
764,0.00400266844563042,0.002907999344403454,0.0009212589485754546
765,0.0,0.0,0.0001122082585418489
766,0.00066711140760507,5.601550212322748e-05,0.0002169155794418332
767,0.00066711140760507,0.0,0.0005597816680981907
768,0.00133422281521014,0.0006542934886261593,0.0005742697148512268
769,0.00200133422281521,7.913946361639927e-05,0.000661199039064101
770,0.0,0.0,0.0001122082585418489
771,0.00266844563042028,0.0012365148282802731,0.0007146214709337996
772,0.0,0.0,0.0001122082585418489
773,0.00066711140760507,0.00012584753243711388,0.00021077895541326443
774,0.00133422281521014,0.00032341348993711533,0.00039530172681785333
775,0.0,0.0,0.0001122082585418489
776,0.0,0.0,0.0001122082585418489
777,0.00266844563042028,0.001096292294757322,0.0006528402992186558
778,0.00066711140760507,8.12610900996165e-05,0.0003219070673933474
779,0.00066711140760507,5.739064737919466e-05,0.00022400920633273855
780,0.00400266844563042,0.0028076047889710022,0.0007059798181909101
781,0.00333555703802535,0.0027760898260119674,0.0008357262342769593
782,0.0,0.0,0.0001122082585418489
783,0.00133422281521014,0.0004699432230057999,0.0004282100573851353
784,0.00133422281521014,0.00010533012470707967,0.00040255578524312765
785,0.00200133422281521,0.0013287598769526638,0.0008448430951990716
786,0.00133422281521014,0.000438265643724939,0.0006296629809120431
787,0.00133422281521014,0.0006473634614785895,0.0004940843429096701
788,0.00066711140760507,0.0007689422507405433,0.00020177210353494642
789,0.0,0.0,0.0001122082585418489
790,0.00133422281521014,0.00033870317905135744,0.00032606271339268386
791,0.00333555703802535,0.0026611705116787415,0.000633999683348167
792,0.00200133422281521,0.0007166518172278982,0.0007245975679402765
793,0.00133422281521014,0.0010786300590940442,0.00034509370401698965
794,0.00333555703802535,0.002086007163086328,0.0009922637571080418
795,0.00133422281521014,0.0014359945474347918,0.0004914931553837186
796,0.00066711140760507,0.0006669192854391447,0.000320749608008577
797,0.0,0.0,0.0001122082585418489
798,0.00133422281521014,7.401224144935112e-05,0.0005112566436198902
799,0.00066711140760507,0.0,0.0002919096084078992
800,0.0,0.0,0.0001122082585418489
801,0.00066711140760507,0.0,0.0004313309497043772
802,0.00066711140760507,0.0004622574373124584,0.0002075852784000434
803,0.00400266844563042,0.0010112566189747507,0.000850841163695274
804,0.0,0.0,0.0001122082585418489
805,0.00066711140760507,0.0,0.0002278470461976015
806,0.0,0.0,0.0001122082585418489
807,0.00066711140760507,0.00013725243671893248,0.00021763690057729563
808,0.00066711140760507,2.30739514243316e-05,0.00023530778066093252
809,0.00066711140760507,0.0,0.0003219070673933474
810,0.00266844563042028,0.0008604485772337745,0.0007193232704397604
811,0.00066711140760507,0.0,0.00029620724665773427
812,0.00066711140760507,0.0,0.0003789843541706735
813,0.0,0.0,0.0001122082585418489
814,0.0,0.0,0.0001122082585418489
815,0.0,0.0,0.0001122082585418489
816,0.0,0.0,0.0001122082585418489
817,0.00200133422281521,0.0015322014593829964,0.00043900092894945
818,0.0,0.0,0.0001122082585418489
819,0.00066711140760507,0.0007036099230634781,0.00024320150164759837
820,0.00133422281521014,8.42281867471517e-05,0.00046859976972965696
821,0.00133422281521014,0.0002876619482832245,0.0005436589539323153
822,0.0,0.0,0.0001122082585418489
823,0.0,0.0,0.0001122082585418489
824,0.0,0.0,0.0001122082585418489
825,0.00133422281521014,0.00012639173187037488,0.0004169748119202926
826,0.00066711140760507,7.01730436728233e-05,0.00029920120443233816
827,0.00133422281521014,0.0002625541450139851,0.0005863401936825165
828,0.00400266844563042,0.000984922386734917,0.0012722016814452717
829,0.00200133422281521,0.0013281491681899327,0.0006900711117795424
830,0.00066711140760507,0.00011851771730571826,0.00029572166221589354
831,0.0,0.0,0.0001122082585418489
832,0.00133422281521014,0.0006363272944084557,0.0004672835953131527
833,0.00133422281521014,0.0021237494960732093,0.0003183209051530858
834,0.00800533689126084,0.005552531757734564,0.0018012082473030553
835,0.00200133422281521,0.0005367901227957964,0.0005248789407414752
836,0.00066711140760507,0.0,0.000503790814885618
837,0.00133422281521014,0.0013223030512211243,0.00037867354726913517
838,0.00066711140760507,9.157249591930517e-05,0.00023200373059605994
839,0.0,0.0,0.0001122082585418489
840,0.00200133422281521,0.00020023417738685752,0.0006023093622296603
841,0.0,0.0,0.0001122082585418489
842,0.00066711140760507,4.331239117188523e-05,0.0002830869464495563
843,0.0,0.0,0.0001122082585418489
844,0.00200133422281521,0.0004223948349232118,0.0006468268443268789
845,0.0,0.0,0.0001122082585418489
846,0.0,0.0,0.0001122082585418489
847,0.00133422281521014,0.00024383780134948677,0.0005243926939241158
848,0.00200133422281521,0.0005841872864155911,0.0007130779362500866
849,0.00066711140760507,0.0,0.00032461020702274977
850,0.00133422281521014,0.0005760174149847936,0.0003465596425475809
851,0.0,0.0,0.0001122082585418489
852,0.0,0.0,0.0001122082585418489
853,0.00066711140760507,7.657600880577313e-05,0.0003362616102799785
854,0.00066711140760507,0.0,0.0002952140716713411
855,0.00266844563042028,0.0019251884780574092,0.0005217298119720814
856,0.00400266844563042,0.002562244541182137,0.0008684463527093226
857,0.00066711140760507,2.996176265000275e-05,0.0001984080027972453
858,0.0,0.0,0.0001122082585418489
859,0.0,0.0,0.0001122082585418489
860,0.00266844563042028,0.0009732428251931049,0.0007353800538879114
861,0.00066711140760507,0.0003812992866301852,0.00019519891461032893
862,0.00066711140760507,0.00015738396156745184,0.00034070575336603233
863,0.00066711140760507,0.0,0.000320749608008577
864,0.0,0.0,0.0001122082585418489
865,0.00066711140760507,0.00011056549223869547,0.00019519891461032893
866,0.0,0.0,0.0001122082585418489
867,0.00066711140760507,0.0001555875687542255,0.00033818912202346335
868,0.00066711140760507,0.0,0.00021006141695900302
869,0.00266844563042028,0.000895075894374348,0.0009044759556810303
870,0.00133422281521014,0.0005247812266045858,0.0005357556590449694
871,0.0,0.0,0.0001122082585418489
872,0.00200133422281521,0.0005337984055875611,0.0006229821231877667
873,0.00066711140760507,0.0004622574373124584,0.0002075852784000434
874,0.00200133422281521,0.0007229421625917789,0.000338825925903578
875,0.00200133422281521,0.0012990810983842722,0.0007462064746731278
876,0.00066711140760507,0.0,0.00037713902410990176
877,0.00066711140760507,0.0,0.00034070575336603233
878,0.00266844563042028,0.002742850649718226,0.0006460730634950942
879,0.0,0.0,0.0001122082585418489
880,0.00200133422281521,0.0005196481751056884,0.0007924719152158616
881,0.00066711140760507,0.00010388337558675378,0.0001942030426794745
882,0.00133422281521014,0.000928576037516359,0.00037400890682800613
883,0.00133422281521014,0.001020344152595674,0.0005333185476136616
884,0.00133422281521014,0.0002521979628821765,0.0004556843180863203
885,0.00266844563042028,0.002090366633309636,0.0008314815764856383
886,0.00200133422281521,0.0012322017875422329,0.0008867346859626952
887,0.00133422281521014,6.280981165192415e-05,0.000651730976929568
888,0.00066711140760507,0.0,0.0005834995548275062
889,0.00066711140760507,0.0002458848088424446,0.00019273590459406367
890,0.0,0.0,0.0001122082585418489
891,0.0,0.0,0.0001122082585418489
892,0.00200133422281521,0.0008752810039026607,0.0006593270201299327
893,0.00066711140760507,0.00013320129015875737,0.0003098502872259006
894,0.00066711140760507,0.0,0.0003360277402896253
895,0.00200133422281521,0.0007332539517902022,0.0009040008037598365
896,0.0,0.0,0.0001122082585418489
897,0.00266844563042028,0.0007195401916879622,0.0009944570481809324
898,0.00066711140760507,0.00017001740915677412,0.00029729787312178887
899,0.00066711140760507,9.893361046172068e-05,0.00033370946619911004
900,0.0,0.0,0.0001122082585418489
901,0.00066711140760507,5.2239588412511375e-05,0.00025352029577948557
902,0.0,0.0,0.0001122082585418489
903,0.00066711140760507,0.0,0.00043758881361512307
904,0.0,0.0,0.0001122082585418489
905,0.00200133422281521,0.0006634482567149706,0.0005022094449583948
906,0.00066711140760507,0.0,0.00020335590106431947
907,0.00066711140760507,6.734907535182433e-05,0.00021444380888739221
908,0.00333555703802535,0.0019629066768118283,0.0008043152043681075
909,0.00066711140760507,0.00011870468184789819,0.00030575866722417006
910,0.0,0.0,0.0001122082585418489
911,0.00133422281521014,0.0002971140498799192,0.00033267184750055334
912,0.00200133422281521,0.000947966674997191,0.000544806193520886
913,0.00133422281521014,0.0010429739096202097,0.0007317051315717682
914,0.0,0.0,0.0001122082585418489
915,0.00066711140760507,0.0,0.0003894721720502732
916,0.00066711140760507,0.0,0.0003694095796426571
917,0.00066711140760507,0.0,0.0002178440570712503
918,0.00066711140760507,0.0,0.00032675066524006404
919,0.0,0.0,0.0001122082585418489
920,0.0,0.0,0.0001122082585418489
921,0.00266844563042028,0.0015866511965691578,0.0008164314324021131
922,0.0,0.0,0.0001122082585418489
923,0.00133422281521014,0.0010816598754481938,0.000528393227554032
924,0.00066711140760507,0.0004622574373124584,0.0002738379631928514
925,0.0,0.0,0.0001122082585418489
926,0.00066711140760507,0.0,0.00047956586267909336
927,0.00066711140760507,2.9478733114539254e-05,0.0003518944442186421
928,0.0,0.0,0.0001122082585418489
929,0.0,0.0,0.0001122082585418489
930,0.00266844563042028,0.0013712945154522713,0.0009160886802807262
931,0.00333555703802535,0.0021726405855372827,0.0007396526610544298
932,0.0,0.0,0.0001122082585418489
933,0.00066711140760507,0.00030819604372958636,0.00035276850719396564
934,0.0,0.0,0.0001122082585418489
935,0.0,0.0,0.0001122082585418489
936,0.0,0.0,0.0001122082585418489
937,0.0,0.0,0.0001122082585418489
938,0.0,0.0,0.0001122082585418489
939,0.00066711140760507,7.599567182998531e-05,0.0002282540171070751
940,0.00200133422281521,0.0012399139547750588,0.0006295789810507418
941,0.0,0.0,0.0001122082585418489
942,0.0,0.0,0.0001122082585418489
943,0.00200133422281521,0.0011967143719728381,0.000594464890449062
944,0.00266844563042028,0.0012835000807021122,0.0010543144027988381
945,0.00333555703802535,0.003850643410755292,0.0007213391017701637
946,0.00200133422281521,0.0014279380376654577,0.0006138193829853036
947,0.0,0.0,0.0001122082585418489
948,0.00066711140760507,3.3985805200031794e-05,0.0002041333739626661
949,0.0,0.0,0.0001122082585418489
950,0.00133422281521014,0.00029564188852821983,0.0002974305932513044
951,0.00466977985323549,0.00553304913926025,0.001303217116302936
952,0.00066711140760507,0.00011916192581801251,0.00036370556390803987
953,0.0,0.0,0.0001122082585418489
954,0.00066711140760507,0.0,0.0005056279329211085
955,0.00200133422281521,0.0006877579317856556,0.0008106016178341704
956,0.00066711140760507,0.0,0.00017434431455908296
957,0.0,0.0,0.0001122082585418489
958,0.0,0.0,0.0001122082585418489
959,0.00133422281521014,0.001138263653004475,0.0004916660646844781
960,0.00333555703802535,0.0024197876829486664,0.000787797768074142
961,0.0,0.0,0.0001122082585418489
962,0.0,0.0,0.0001122082585418489
963,0.00066711140760507,8.49208628947635e-05,0.0002760598896205122
964,0.00066711140760507,0.0003029732395073485,0.00034070575336603233
965,0.00066711140760507,0.0,0.0003836131817255975
966,0.00133422281521014,0.0021628226960775498,0.000366612629570853
967,0.0,0.0,0.0001122082585418489
968,0.00133422281521014,0.00038681200235298727,0.0003194016596295457
969,0.0,0.0,0.0001122082585418489
970,0.00066711140760507,0.0017680438411334456,0.0003481878211395079
971,0.00133422281521014,0.0010183059030239945,0.0008342160842513499
972,0.0,0.0,0.0001122082585418489
973,0.0,0.0,0.0001122082585418489
974,0.00133422281521014,0.001538253647879923,0.00045321279867619304
975,0.00066711140760507,0.0,0.0002516538535631315
976,0.00133422281521014,0.00014768387254715987,0.00044950663248236294
977,0.00133422281521014,4.338795138071001e-05,0.0004934236872717217
978,0.00200133422281521,0.001248470148485922,0.0008049831710756044
979,0.00400266844563042,0.003251598865868294,0.0009118212353993807
980,0.0,0.0,0.0001122082585418489
981,0.0,0.0,0.0001122082585418489
982,0.0,0.0,0.0001122082585418489
983,0.00133422281521014,0.0007179849087992726,0.0006336378451586855
984,0.00466977985323549,0.0019131644132132906,0.001031224098013556
985,0.00066711140760507,0.0,0.0004592239835019627
986,0.0,0.0,0.0001122082585418489
987,0.00333555703802535,0.002379426507780414,0.0011217059309970715
988,0.00133422281521014,0.0001848598458604251,0.0003814922993733509
989,0.00066711140760507,0.00010406419916193408,0.00035276850719396564
990,0.00066711140760507,6.985111121571491e-05,0.00038564817791752115
991,0.00066711140760507,0.00020500735731370588,0.00034439558108600646
992,0.00400266844563042,0.0016815591711691956,0.0013500029698562729
993,0.00066711140760507,0.00029926530289041956,0.0002761005069738906
994,0.00066711140760507,6.986671474347025e-05,0.0004001311554628449
995,0.00066711140760507,0.0,0.00047880472949696787
996,0.00133422281521014,0.0001619963144928791,0.0004223021892018338
997,0.00066711140760507,0.0002627616189723395,0.00017577304653469493
998,0.00333555703802535,0.0021658231883603823,0.0007895467952845242
999,0.00200133422281521,0.0010760930535838765,0.0006815620063359936
1000,0.0,0.0,0.0001122082585418489
1001,0.00066711140760507,0.0,0.00034439558108600646
1002,0.0,0.0,0.0001122082585418489
1003,0.0,0.0,0.0001122082585418489
1004,0.00133422281521014,0.0005001506797570902,0.0005482104859674713
1005,0.00066711140760507,0.0,0.0004313309497043772
1006,0.00200133422281521,0.001443541353446128,0.0005265640021259658
1007,0.0,0.0,0.0001122082585418489
1008,0.00066711140760507,7.592022861390726e-05,0.000206697718180045
1009,0.00066711140760507,0.0,0.0002893047088297999
1010,0.00066711140760507,0.0,0.0003418622568207964
1011,0.0,0.0,0.0001122082585418489
1012,0.00066711140760507,0.00010088192184006972,0.00036947540540345627
1013,0.0,0.0,0.0001122082585418489
1014,0.00066711140760507,0.00016220902224389842,0.00027016661576425937
1015,0.00133422281521014,0.0005516129045170219,0.00046505189300109014
1016,0.00200133422281521,0.0016244124262938188,0.0005566742370859454
1017,0.00200133422281521,0.0012275628811307601,0.0006060595403124724
1018,0.0,0.0,0.0001122082585418489
1019,0.00133422281521014,0.0006872566046898556,0.00040027592758341086
1020,0.0,0.0,0.0001122082585418489
1021,0.00066711140760507,0.0,0.00042316290859423624
1022,0.00333555703802535,0.0010670385635955558,0.0010464460467681192
1023,0.00066711140760507,0.0,0.000399192577099965
1024,0.00066711140760507,1.318211007121392e-05,0.00015661928063059118
1025,0.00200133422281521,0.0007465977261067755,0.0004433699700844116
1026,0.00066711140760507,7.707753691338783e-05,0.00022400920633273855
1027,0.00066711140760507,0.0,0.0003724266313259272
1028,0.00066711140760507,0.0,0.00035625579499893304
1029,0.00066711140760507,0.0,0.0003466117932567328
1030,0.0,0.0,0.0001122082585418489
1031,0.0,0.0,0.0001122082585418489
1032,0.00133422281521014,0.00014347696583352513,0.00039173546513938614
1033,0.00066711140760507,0.00012024955938524703,0.00027981799715274023
1034,0.0,0.0,0.0001122082585418489
1035,0.00133422281521014,0.00027718558415138004,0.0005428359852493367
1036,0.0,0.0,0.0001122082585418489
1037,0.00200133422281521,0.0010375317056613106,0.0006699068592554273
1038,0.00066711140760507,0.0,0.0003646404273862946
1039,0.0,0.0,0.0001122082585418489
1040,0.0,0.0,0.0001122082585418489
1041,0.00133422281521014,0.00018955328834696818,0.0007817630602884817
1042,0.0,0.0,0.0001122082585418489
1043,0.0,0.0,0.0001122082585418489
1044,0.00200133422281521,0.00044609997401805684,0.00044864294972441317
1045,0.0,0.0,0.0001122082585418489
1046,0.0,0.0,0.0001122082585418489
1047,0.00266844563042028,0.001097087100522189,0.0007735841735931469
1048,0.00200133422281521,0.001470087246924848,0.000598068345949052
1049,0.00133422281521014,0.00016438219383555533,0.000593463271202046
1050,0.0,0.0,0.0001122082585418489
1051,0.00066711140760507,0.0,0.0002422624632818785
1052,0.00066711140760507,0.0,0.00029092917848166206
1053,0.00133422281521014,0.0003179504982425122,0.0005145445467665706
1054,0.00066711140760507,6.170460123592645e-05,0.000186204106788057
1055,0.00200133422281521,0.0005606829738015348,0.0006864821161612313
1056,0.0,0.0,0.0001122082585418489
1057,0.0,0.0,0.0001122082585418489
1058,0.00133422281521014,0.0012699560423687535,0.0003153563760901481
1059,0.00066711140760507,2.864641111259829e-05,0.00018724912008578011
1060,0.0,0.0,0.0001122082585418489
1061,0.00266844563042028,0.0024783102339694476,0.000692876710855871
1062,0.00066711140760507,0.00011962046687393252,0.0001942030426794745
1063,0.00066711140760507,0.0,0.0003631792555513076
1064,0.00133422281521014,0.0005878246883613886,0.0004826805052190009
1065,0.00066711140760507,9.690924882243655e-05,0.0002304683135033467
1066,0.00066711140760507,0.0,0.0002573466993055831
1067,0.0,0.0,0.0001122082585418489
1068,0.00066711140760507,0.00019135889387477493,0.00029729787312178887
1069,0.00066711140760507,0.0,0.00029092917848166206
1070,0.00066711140760507,0.00023688300038480426,0.0003751286875231959
1071,0.0,0.0,0.0001122082585418489
1072,0.0,0.0,0.0001122082585418489
1073,0.00133422281521014,6.185611202903759e-05,0.0006119039025755526
1074,0.00066711140760507,0.0,0.0002597681937038097
1075,0.00133422281521014,0.0003839823943069546,0.00043458153112522195
1076,0.0,0.0,0.0001122082585418489
1077,0.00066711140760507,0.0012262725189094768,0.00036474905418357396
1078,0.00133422281521014,0.0003292184809645918,0.000647592344354236
1079,0.00133422281521014,0.00037292489900112176,0.00046642462284856223
1080,0.00066711140760507,0.00035344964299240876,0.00019222560688810414
1081,0.0,0.0,0.0001122082585418489
1082,0.00133422281521014,0.00019530324761720232,0.0004333762063555709
1083,0.0,0.0,0.0001122082585418489
1084,0.00066711140760507,0.000172900645474225,0.00024163985556666383
1085,0.00133422281521014,0.0006578146374896733,0.0005557336835546668
1086,0.00266844563042028,0.0007765835155026913,0.000612572962064835
1087,0.00200133422281521,0.000420158321935729,0.0005789627563002765
1088,0.00333555703802535,0.0024324781053368808,0.001056259049387213
1089,0.0,0.0,0.0001122082585418489
1090,0.00066711140760507,0.000618575311794565,0.00027981799715274023
1091,0.00066711140760507,0.0003129811560411751,0.0003577943155305468
1092,0.00133422281521014,0.0012050696372462044,0.000397672638812085
1093,0.00066711140760507,0.00010149488346643434,0.0003084784582504301
1094,0.0,0.0,0.0001122082585418489
1095,0.00066711140760507,9.066251145656073e-05,0.00020154538345307785
1096,0.00066711140760507,1.7201877947532257e-05,0.00027114026403075024
1097,0.00266844563042028,0.0015964645658958971,0.0008756850019620872
1098,0.0,0.0,0.0001122082585418489
1099,0.0,0.0,0.0001122082585418489
1100,0.0,0.0,0.0001122082585418489
1101,0.00133422281521014,0.00038327351211575486,0.00033950504859721646
1102,0.0,0.0,0.0001122082585418489
1103,0.00066711140760507,0.0,0.0003577140912621633
1104,0.00333555703802535,0.001091304451834043,0.0007927737270461781
1105,0.0,0.0,0.0001122082585418489
1106,0.0,0.0,0.0001122082585418489
1107,0.00333555703802535,0.0012657396133179235,0.000626300971872221
1108,0.0,0.0,0.0001122082585418489
1109,0.00133422281521014,0.0006167729196488081,0.0003342714106940765
1110,0.00133422281521014,0.00046355716036421184,0.0004103423894850982
1111,0.0,0.0,0.0001122082585418489
1112,0.0,0.0,0.0001122082585418489
1113,0.00133422281521014,0.00014644536464287477,0.00047436054470233294
1114,0.00066711140760507,4.4558525826631656e-05,0.00021764066829468764
1115,0.00133422281521014,0.0005397166717569892,0.0005364938344920325
1116,0.00200133422281521,0.0013248385723240669,0.00037527514075380857
1117,0.00066711140760507,0.0,0.0003515529454587249
1118,0.00066711140760507,0.0,0.0004001311554628449
1119,0.00066711140760507,0.0005066545185220693,0.0001802617403079486
1120,0.0,0.0,0.0001122082585418489
1121,0.00066711140760507,0.0001692300408990329,0.0002554265627678236
1122,0.0,0.0,0.0001122082585418489
1123,0.00133422281521014,0.0011492622765987965,0.0005802257616004316
1124,0.0,0.0,0.0001122082585418489
1125,0.00133422281521014,0.00021397846016894784,0.0002884457564543364
1126,0.0,0.0,0.0001122082585418489
1127,0.0,0.0,0.0001122082585418489
1128,0.0,0.0,0.0001122082585418489
1129,0.0,0.0,0.0001122082585418489
1130,0.0,0.0,0.0001122082585418489
1131,0.00133422281521014,0.00038632924456720485,0.0002891065332376631
1132,0.00200133422281521,0.0007528869103345154,0.0003770081185117061
1133,0.00133422281521014,0.0015342423493092516,0.00033208025818039113
1134,0.00266844563042028,0.0020960701910526466,0.0007918654618278649
1135,0.00133422281521014,0.00024867235423591645,0.0005474896791930885
1136,0.00066711140760507,1.7231051930154697e-05,0.00022655849901247535
1137,0.00133422281521014,0.001057978089370093,0.0003271627021724002
1138,0.0,0.0,0.0001122082585418489
1139,0.00066711140760507,0.0,0.00035305463942799867
1140,0.00066711140760507,0.00012961704406325438,0.00018179470269233714
1141,0.00066711140760507,0.0023946182150733396,0.00038564817791752115
1142,0.00133422281521014,0.00010701079580606825,0.00028916650121362083
1143,0.00266844563042028,0.0009981022124096288,0.0006731433995548562
1144,0.0,0.0,0.0001122082585418489
1145,0.00066711140760507,4.1598044126182536e-05,0.00028388511422848436
1146,0.00200133422281521,0.0009308519626357613,0.0005836552313572942
1147,0.0,0.0,0.0001122082585418489
1148,0.0,0.0,0.0001122082585418489
1149,0.00133422281521014,0.0003812543334798595,0.00044618456792206297
1150,0.0,0.0,0.0001122082585418489
1151,0.0,0.0,0.0001122082585418489
1152,0.00066711140760507,9.973138057529909e-06,0.00015852958740540334
1153,0.00200133422281521,0.001040871951704332,0.00047425468810432104
1154,0.00133422281521014,0.00036112180855550396,0.00030333318471604886
1155,0.00066711140760507,0.0,0.00023409898006514066
1156,0.00333555703802535,0.0017846711518832035,0.0004681946873640635
1157,0.00066711140760507,0.001299382312093328,0.00029721681427938583
1158,0.0,0.0,0.0001122082585418489
1159,0.00066711140760507,0.0011147866925368239,0.00031106148881230043
1160,0.00200133422281521,0.00044596109004240786,0.0005717093522779154
1161,0.0,0.0,0.0001122082585418489
1162,0.00066711140760507,0.0010050396972471583,0.0003751286875231959
1163,0.0,0.0,0.0001122082585418489
1164,0.0,0.0,0.0001122082585418489
1165,0.00133422281521014,0.000838659665608538,0.0005756669847617598
1166,0.00066711140760507,0.00018749474402304214,0.000320749608008577
1167,0.00133422281521014,0.0008642316644499227,0.0004870290889381294
1168,0.0,0.0,0.0001122082585418489
1169,0.00066711140760507,0.00037547861425166147,0.0004490614743852312
1170,0.0,0.0,0.0001122082585418489
1171,0.00066711140760507,0.00016836982729209664,0.00030423637818847586
1172,0.0,0.0,0.0001122082585418489
1173,0.00066711140760507,0.0,0.0003481878211395079
1174,0.00066711140760507,9.394169348630584e-05,0.0003553553887048722
1175,0.00066711140760507,0.0001246169123913552,0.0003418622568207964
1176,0.00200133422281521,0.0005383207356984608,0.0007662697769520514
1177,0.00266844563042028,0.0019693171746119897,0.0007870574441329087
1178,0.00066711140760507,9.848945369244119e-05,0.00028885103746932426
1179,0.0,0.0,0.0001122082585418489
1180,0.0,0.0,0.0001122082585418489
1181,0.0,0.0,0.0001122082585418489
1182,0.0,0.0,0.0001122082585418489
1183,0.00066711140760507,4.4209243843526395e-05,0.00043300275419900185
1184,0.0,0.0,0.0001122082585418489
1185,0.00066711140760507,1.7342965740524996e-05,0.00015661928063059118
1186,0.0,0.0,0.0001122082585418489
1187,0.00133422281521014,0.0002989348954310614,0.0005029543352989374
1188,0.00066711140760507,1.8652211307206267e-05,0.00027596105870958615
1189,0.00200133422281521,0.0007415189387137285,0.0005603363182524628
1190,0.00066711140760507,0.0,0.00035276850719396564
1191,0.00066711140760507,3.9389653416631144e-05,0.00022655849901247535
1192,0.0,0.0,0.0001122082585418489
1193,0.0,0.0,0.0001122082585418489
1194,0.00066711140760507,0.00022426715551108182,0.00032461020702274977
1195,0.00066711140760507,0.0,0.00035595529720699396
1196,0.0,0.0,0.0001122082585418489
1197,0.00133422281521014,0.00013152681977721717,0.0004837631916803351
1198,0.00133422281521014,0.000819753092136361,0.0004943017108308396
1199,0.00200133422281521,0.0009924215638870409,0.0006946105985591403
1200,0.0,0.0,0.0001122082585418489
1201,0.0,0.0,0.0001122082585418489
1202,0.00200133422281521,0.001288728699865687,0.0007440448359077159
1203,0.00066711140760507,3.2440763054019873e-05,0.00022396671301455574
1204,0.0,0.0,0.0001122082585418489
1205,0.00066711140760507,0.0001490060438032242,0.00036474905418357396
1206,0.00200133422281521,0.000753253031147565,0.0006690699874337244
1207,0.00133422281521014,0.000665114723638834,0.000659463760910175
1208,0.00066711140760507,7.503647509827e-05,0.000368795731180735
1209,0.00066711140760507,0.0,0.00025352029577948557
1210,0.00066711140760507,6.375331185044968e-05,0.000277682883679962
1211,0.0,0.0,0.0001122082585418489
1212,0.0,0.0,0.0001122082585418489
1213,0.00133422281521014,3.278489582174426e-05,0.0005373692620259136
1214,0.0,0.0,0.0001122082585418489
1215,0.00066711140760507,0.0007245012650150532,0.0003803841356440731
1216,0.00133422281521014,0.00041555397825239883,0.0004575228402627322
1217,0.0,0.0,0.0001122082585418489
1218,0.00066711140760507,0.00011522069179493918,0.0001889925007513359
1219,0.00133422281521014,0.00019510285425486363,0.0004669358361725448
1220,0.00133422281521014,6.742489211107171e-05,0.0005174771110984861
1221,0.00066711140760507,5.982689445635693e-05,0.0002185175560065168
1222,0.00066711140760507,0.0,0.0002819272216608513
1223,0.00200133422281521,0.0009879668607844442,0.000675645041190561
1224,0.00066711140760507,0.00019538848903896596,0.00047880472949696787
1225,0.0,0.0,0.0001122082585418489
1226,0.0,0.0,0.0001122082585418489
1227,0.0,0.0,0.0001122082585418489
1228,0.00200133422281521,0.0011612729118553394,0.0005466415568685577
1229,0.00066711140760507,5.4965094656349436e-05,0.0003360277402896253
1230,0.00066711140760507,0.0,0.00035185793645408356
1231,0.00266844563042028,0.001532916907568228,0.000893896634647806
1232,0.00066711140760507,0.0,0.00030423637818847586
1233,0.00066711140760507,0.0,0.0004456823574251052
1234,0.0,0.0,0.0001122082585418489
1235,0.00066711140760507,0.0,0.0005829588321023754
1236,0.0,0.0,0.0001122082585418489
1237,0.0,0.0,0.0001122082585418489
1238,0.00066711140760507,0.0002034043330170788,0.00037931666866884966
1239,0.0,0.0,0.0001122082585418489
1240,0.00133422281521014,0.0002646619498118427,0.0005640739687506135
1241,0.00200133422281521,0.001784358530057226,0.0005208812813812598
1242,0.00066711140760507,8.960485601062454e-05,0.00022797159900718456
1243,0.0,0.0,0.0001122082585418489
1244,0.00200133422281521,0.0009498393386853989,0.0005481856558859648
1245,0.0,0.0,0.0001122082585418489
1246,0.00066711140760507,5.337885020369498e-05,0.0002761105177587917
1247,0.00066711140760507,7.340651308708127e-05,0.0002832444351595265
1248,0.0,0.0,0.0001122082585418489
1249,0.0,0.0,0.0001122082585418489
1250,0.0,0.0,0.0001122082585418489
1251,0.0,0.0,0.0001122082585418489
1252,0.00133422281521014,0.00012171994542088794,0.0004196762554060861
1253,0.00066711140760507,6.785905886459481e-05,0.00022273394344098205
1254,0.00066711140760507,4.113594712439164e-05,0.0002759973117327891
1255,0.00066711140760507,0.0001758031186734477,0.00035595529720699396
1256,0.0,0.0,0.0001122082585418489
1257,0.0,0.0,0.0001122082585418489
1258,0.00066711140760507,0.0,0.00023954292833846337
1259,0.00133422281521014,0.001008337712887773,0.0004667445399227586
1260,0.00066711140760507,6.2443571326042e-05,0.0004222265918756443
1261,0.00200133422281521,0.0004454793592110424,0.0006475133798094957
1262,0.00133422281521014,0.0009732092757258577,0.0003757957839911132
1263,0.0,0.0,0.0001122082585418489
1264,0.00266844563042028,0.0014510598437966914,0.0006081107945370781
1265,0.00133422281521014,0.0005302640500644402,0.00033035877864616317
1266,0.00066711140760507,0.00028483749800784343,0.00029721681427938583
1267,0.00200133422281521,0.00030965021005371896,0.00034214098215759527
1268,0.00066711140760507,0.0004622574373124584,0.0002075852784000434
1269,0.00266844563042028,0.001249809437476844,0.0007806331432258904
1270,0.0,0.0,0.0001122082585418489
1271,0.0,0.0,0.0001122082585418489
1272,0.0,0.0,0.0001122082585418489
1273,0.0,0.0,0.0001122082585418489
1274,0.00066711140760507,0.0004359652544979192,0.00024320150164759837
1275,0.00133422281521014,0.0009308399947373898,0.000267004802768413
1276,0.00133422281521014,0.0004932984009264689,0.0006749808147197936
1277,0.00066711140760507,0.0,0.0002793138020908641
1278,0.00133422281521014,8.963804693837805e-05,0.0004413241383101547
1279,0.00133422281521014,0.0005865130534389571,0.0004593950690957462
1280,0.00133422281521014,0.0006001286572297881,0.0002709807247869794
1281,0.0,0.0,0.0001122082585418489
1282,0.00066711140760507,0.000190738599281118,0.0002304683135033467
1283,0.00066711140760507,0.0,0.0003946893781741774
1284,0.0,0.0,0.0001122082585418489
1285,0.00066711140760507,0.0,0.00033818912202346335
1286,0.0,0.0,0.0001122082585418489
1287,0.0,0.0,0.0001122082585418489
1288,0.0,0.0,0.0001122082585418489
1289,0.00266844563042028,0.0017522509850763234,0.0008707508970860385
1290,0.0,0.0,0.0001122082585418489
1291,0.0,0.0,0.0001122082585418489
1292,0.00200133422281521,0.0005273558926829487,0.00061506664003339
1293,0.00133422281521014,0.00015316114801164926,0.0008588936127319882
1294,0.0,0.0,0.0001122082585418489
1295,0.00066711140760507,0.0,0.00030207493680169844
1296,0.00066711140760507,9.421358107410516e-05,0.0003646404273862946
1297,0.00133422281521014,0.0007162983245702542,0.0002977587871149267
1298,0.0,0.0,0.0001122082585418489
1299,0.00133422281521014,0.0001078028269109239,0.0005781308980572187
1300,0.0,0.0,0.0001122082585418489
1301,0.0,0.0,0.0001122082585418489
1302,0.00066711140760507,0.000650257829363095,0.00032463320497061037
1303,0.0,0.0,0.0001122082585418489
1304,0.0,0.0,0.0001122082585418489
1305,0.00066711140760507,1.4220515315593387e-05,0.00020800543871204438
1306,0.00066711140760507,0.00032214000144549314,0.0004180155683810633
1307,0.00066711140760507,0.0001412122353679974,0.00031069214621999434
1308,0.00066711140760507,0.0,0.00027609077223922514
1309,0.00066711140760507,0.0,0.0001721533391498359
1310,0.00200133422281521,0.0006427067918584389,0.0005674298684107136
1311,0.00066711140760507,0.0,0.0004490614743852312
1312,0.00066711140760507,0.0,0.0004052371455082667
1313,0.0,0.0,0.0001122082585418489
1314,0.00066711140760507,0.0,0.0004180155683810633
1315,0.0,0.0,0.0001122082585418489
1316,0.0,0.0,0.0001122082585418489
1317,0.00200133422281521,0.0011273015394961013,0.0007008197973694344
1318,0.00066711140760507,8.280631335638773e-05,0.00031965603196120764
1319,0.0,0.0,0.0001122082585418489
1320,0.0,0.0,0.0001122082585418489
1321,0.00066711140760507,5.100344439238113e-05,0.00025225604518904203
1322,0.00066711140760507,0.0,0.00031106148881230043
1323,0.00200133422281521,0.0012934814382085994,0.0006130474301076716
1324,0.00133422281521014,0.0018093355653334695,0.0004960749963238335
1325,0.0,0.0,0.0001122082585418489
1326,0.0,0.0,0.0001122082585418489
1327,0.00066711140760507,0.00020718447867560085,0.00019943364963886804
1328,0.0,0.0,0.0001122082585418489
1329,0.00066711140760507,0.0,0.000323428227535613
1330,0.00066711140760507,7.711728067628252e-05,0.00034902830085944075
1331,0.0,0.0,0.0001122082585418489
1332,0.0,0.0,0.0001122082585418489
1333,0.00066711140760507,0.00010206148263938932,0.00033370946619911004
1334,0.00133422281521014,0.00059143683782897,0.0006326265790893144
1335,0.00066711140760507,0.0,0.00036523818751777696
1336,0.0,0.0,0.0001122082585418489
1337,0.00200133422281521,0.0014724325991698174,0.0006430777861136458
1338,0.00066711140760507,0.0,0.0004938401633674856
1339,0.0,0.0,0.0001122082585418489
1340,0.00066711140760507,0.0,0.0005166989418900961
1341,0.00200133422281521,0.000502066775482546,0.0006973048831210584
1342,0.00133422281521014,0.00034830807412950416,0.00041243756411267116
1343,0.0,0.0,0.0001122082585418489
1344,0.00066711140760507,0.00030083624470600407,0.000322216932628663
1345,0.0,0.0,0.0001122082585418489
1346,0.0,0.0,0.0001122082585418489
1347,0.00133422281521014,0.0005655221202326727,0.000489966373560828
1348,0.0,0.0,0.0001122082585418489
1349,0.00066711140760507,0.0,0.00020917085267784988
1350,0.00266844563042028,0.0011548025813842321,0.0006405898277354644
1351,0.0,0.0,0.0001122082585418489
1352,0.00133422281521014,0.0002763545250266018,0.0006553811662766037
1353,0.00066711140760507,0.0,0.00022273394344098205
1354,0.00066711140760507,0.0,0.0003694095796426571
1355,0.00266844563042028,0.003853612989867007,0.0005672231421328462
1356,0.00133422281521014,2.290524178280235e-05,0.0004239545988260307
1357,0.00200133422281521,0.0017008989314119304,0.0004804088554085156
1358,0.0,0.0,0.0001122082585418489
1359,0.0,0.0,0.0001122082585418489
1360,0.00066711140760507,0.0001854452397015271,0.0002855063990094085
1361,0.00066711140760507,0.0,0.00022729102252437415
1362,0.0,0.0,0.0001122082585418489
1363,0.00266844563042028,0.0019037751633393357,0.0006178952128697619
1364,0.00133422281521014,8.2000943148156e-05,0.0008151721110680535
1365,0.0,0.0,0.0001122082585418489
1366,0.0,0.0,0.0001122082585418489
1367,0.00133422281521014,7.036351284242734e-05,0.00030787654210403175
1368,0.0,0.0,0.0001122082585418489
1369,0.00066711140760507,0.0,0.00022068179346448815
1370,0.00133422281521014,0.00017775060279386323,0.0002962563917324333
1371,0.00066711140760507,2.1654408574383442e-05,0.0002882631133861506
1372,0.00066711140760507,0.0006909286068276472,0.00043375292865293155
1373,0.0,0.0,0.0001122082585418489
1374,0.00066711140760507,0.00011615334593424496,0.000320749608008577
1375,0.0,0.0,0.0001122082585418489
1376,0.00200133422281521,0.0008745025387988668,0.0007025112806702094
1377,0.00066711140760507,0.0,0.0002653222462490722
1378,0.00133422281521014,0.0008657597984694502,0.00026143030810565497
1379,0.00066711140760507,2.530996882818692e-05,0.00014956076694051145
1380,0.00200133422281521,0.00031815796922787153,0.0008032523178079425
1381,0.00066711140760507,0.00042044928071043746,0.0004592239835019627
1382,0.00066711140760507,0.0001331588726055108,0.00027808223815927347
1383,0.00133422281521014,0.0016957539279975767,0.000510771656224398
1384,0.00066711140760507,6.28824574538474e-05,0.00027955996798922943
1385,0.00200133422281521,0.0015788349481971914,0.0007220818230328528
1386,0.00133422281521014,0.00028817763326077143,0.000325309555457182
1387,0.00333555703802535,0.00236009957575346,0.0008451174502344686
1388,0.00066711140760507,0.0,0.00032461020702274977
1389,0.0,0.0,0.0001122082585418489
1390,0.00066711140760507,0.0,0.0002516538535631315
1391,0.00133422281521014,0.00024085794515007878,0.000656718628101731
1392,0.0,0.0,0.0001122082585418489
1393,0.00066711140760507,0.00018504029897605296,0.00037707195056424205
1394,0.0,0.0,0.0001122082585418489
1395,0.00066711140760507,0.0,0.0001956231717681825
1396,0.00066711140760507,0.0003085127730638821,0.0004052371455082667
1397,0.0,0.0,0.0001122082585418489
1398,0.00133422281521014,0.00037192964794477385,0.00047219314013257117
1399,0.00066711140760507,0.0,0.0004456823574251052
1400,0.0,0.0,0.0001122082585418489
1401,0.00133422281521014,8.487044718124634e-05,0.000504484036284561
1402,0.00200133422281521,0.0015536454539494943,0.0005693633037814618
1403,0.00066711140760507,1.921771741209994e-05,0.00016372016578076418
1404,0.00066711140760507,0.0,0.00021763690057729563
1405,0.00066711140760507,7.375388933865038e-05,0.0002952140716713411
1406,0.0,0.0,0.0001122082585418489
1407,0.00266844563042028,0.0012378074357003973,0.0008623216393290483
1408,0.00066711140760507,0.0,0.0002736779427071183
1409,0.00200133422281521,0.0005947082203623093,0.0006442768982130939
1410,0.00066711140760507,5.726583702262648e-05,0.0003948540308586787
1411,0.00133422281521014,0.0006974820957337164,0.0005243150167986624
1412,0.0,0.0,0.0001122082585418489
1413,0.00133422281521014,0.002292132686542376,0.0004960700445498374
1414,0.0,0.0,0.0001122082585418489
1415,0.00066711140760507,7.169376361405421e-05,0.000290417296713717
1416,0.0,0.0,0.0001122082585418489
1417,0.0,0.0,0.0001122082585418489
1418,0.0,0.0,0.0001122082585418489
1419,0.00066711140760507,4.962934344601365e-05,0.00020831629114398625
1420,0.00133422281521014,0.000785365390930656,0.000527944070806034
1421,0.00066711140760507,3.738041360375316e-05,0.00024974208332220716
1422,0.00066711140760507,7.081498222945031e-05,0.0003777613897583326
1423,0.00133422281521014,4.0920996916417955e-05,0.000709544879458181
1424,0.00066711140760507,3.0052676274449773e-05,0.00019519891461032893
1425,0.0,0.0,0.0001122082585418489
1426,0.00133422281521014,0.0006165244438214189,0.0005743228708583582
1427,0.0,0.0,0.0001122082585418489
1428,0.00133422281521014,0.0002296415132883033,0.000507475736782736
1429,0.00066711140760507,1.6844603737089242e-05,0.0001565704714283394
1430,0.00266844563042028,0.00266979303214626,0.0009782951206988558
1431,0.00066711140760507,0.0008076979047274118,0.00047956586267909336
1432,0.0,0.0,0.0001122082585418489
1433,0.0,0.0,0.0001122082585418489
1434,0.00066711140760507,0.0,0.0004001311554628449
1435,0.00200133422281521,0.00031032646262646376,0.000580011388991387
1436,0.00133422281521014,0.0021996495015020995,0.0004925965602754722
1437,0.00066711140760507,9.361082416122579e-05,0.0003789039887786057
1438,0.0,0.0,0.0001122082585418489
1439,0.00066711140760507,0.0,0.0004255372086625741
1440,0.00133422281521014,0.00020137377830088413,0.0005889288722733189
1441,0.0,0.0,0.0001122082585418489
1442,0.00133422281521014,0.0002828565519965041,0.0004098803686598071
1443,0.00066711140760507,0.00019510131468940175,0.0002480310760864064
1444,0.0,0.0,0.0001122082585418489
1445,0.0,0.0,0.0001122082585418489
1446,0.0,0.0,0.0001122082585418489
1447,0.00133422281521014,0.0009787995504276933,0.0005007593466343174
1448,0.00066711140760507,0.0,0.00024320150164759837
1449,0.0,0.0,0.0001122082585418489
1450,0.00200133422281521,0.0011813982452393607,0.0006993683192275899
1451,0.00133422281521014,0.000563034065342418,0.0006014165911363655
1452,0.00066711140760507,0.0006982433988501622,0.00043230641096821793
1453,0.00066711140760507,2.424907754261725e-05,0.00021473459209542283
1454,0.0,0.0,0.0001122082585418489
1455,0.00066711140760507,2.0723684671774298e-05,0.00016775939930040146
1456,0.00200133422281521,0.0008140741094003591,0.0008885244940848807
1457,0.0,0.0,0.0001122082585418489
1458,0.00066711140760507,0.0,0.00018983070312889852
1459,0.00066711140760507,9.028315750555806e-05,0.0002197896677791419
1460,0.00066711140760507,0.0,0.00036223292197493686
1461,0.00066711140760507,0.0,0.0002807955916558458
1462,0.0,0.0,0.0001122082585418489
1463,0.0,0.0,0.0001122082585418489
1464,0.0,0.0,0.0001122082585418489
1465,0.00200133422281521,0.0009221196914147029,0.00061725197890396
1466,0.0,0.0,0.0001122082585418489
1467,0.00066711140760507,0.0,0.00036947540540345627
1468,0.00066711140760507,7.829905701491977e-05,0.0003164398047798684
1469,0.0,0.0,0.0001122082585418489
1470,0.00200133422281521,0.0009369321527505438,0.0007013150562807102
1471,0.0,0.0,0.0001122082585418489
1472,0.00066711140760507,6.022734365229012e-05,0.0002653222462490722
1473,0.0,0.0,0.0001122082585418489
1474,0.0,0.0,0.0001122082585418489
1475,0.00066711140760507,0.0004168465751712955,0.00023040091693326935
1476,0.00200133422281521,0.002189563628151226,0.0006910339174301752
1477,0.00066711140760507,7.753557611118733e-05,0.0003164398047798684
1478,0.0,0.0,0.0001122082585418489
1479,0.0,0.0,0.0001122082585418489
1480,0.00066711140760507,0.0,0.00019834760178455316
1481,0.00133422281521014,0.00044824856886069476,0.0006086719120373099
1482,0.0,0.0,0.0001122082585418489
1483,0.00133422281521014,0.0004417290832525547,0.0005293790461694735
1484,0.00066711140760507,0.0001850717150410183,0.00023889439083588202
1485,0.00133422281521014,0.00022831905668830796,0.00035088569602393244
1486,0.00066711140760507,0.0,0.00024551653354412884
1487,0.00066711140760507,0.0,0.00018983070312889852
1488,0.0,0.0,0.0001122082585418489
1489,0.0,0.0,0.0001122082585418489
1490,0.0,0.0,0.0001122082585418489
1491,0.00066711140760507,0.0005847845878362487,0.0002104407212358536
1492,0.0,0.0,0.0001122082585418489
1493,0.0,0.0,0.0001122082585418489
1494,0.00133422281521014,0.00014847598480597328,0.0005158091537290826
1495,0.00200133422281521,0.0004763870897807879,0.0008123955783723137
1496,0.00200133422281521,0.001196269345393554,0.00037658722081401096
1497,0.0,0.0,0.0001122082585418489
1498,0.00066711140760507,4.9780578536099105e-06,0.00014956076694051145
1499,0.0,0.0,0.0001122082585418489
