,trust,group,score,dc_score,bc_score,pr_score
0,0,4,0.1109406514052768,0.10821643286573146,0.0011616222629413225,0.001562596276604017
1,1,3,0.13245010383394754,0.1282565130260521,0.0023462832360349444,0.0018473075718605067
2,1,3,0.21470997588211038,0.20841683366733466,0.003619400155358668,0.0026737420594170674
3,1,1,0.08580930772376899,0.08416833667334668,0.00040558515397063195,0.0012353858964516849
4,1,1,0.13110013052144676,0.1282565130260521,0.001091962286946466,0.001751655208448198
5,1,1,0.02869824946282842,0.028056112224448895,2.7211499329804884e-05,0.0006149257390497209
6,1,2,0.15183419861929554,0.14829659318637273,0.0015638047049609076,0.0019738007279619003
7,0,4,0.33167332554687473,0.3166332665330661,0.011092655294713668,0.003947403719094954
8,0,3,0.22290639228211082,0.21643286573146292,0.0036609785153806644,0.0028125480352672243
9,0,3,0.118681128877552,0.11623246492985971,0.0008125841913977047,0.0016360797562945811
10,1,1,0.18092045542054172,0.17635270541082163,0.002259412201208488,0.0023083378085116033
11,1,3,0.24444115715136458,0.23647294589178355,0.004972515658792254,0.0029956956007887686
12,0,4,0.21177072754754386,0.20440881763527052,0.004665965712926725,0.0026959441993466417
13,0,4,0.312853328993361,0.3006012024048096,0.008481790478191416,0.003770336110359983
14,0,4,0.1955141176121999,0.18837675350701402,0.004612416449324311,0.002524947655861547
15,1,3,0.1693022468481379,0.16432865731462926,0.002787326336808623,0.00218626319670005
16,1,2,0.14317356824410754,0.1402805611222445,0.001016468634641854,0.0018765384872211888
17,1,1,0.17757574881740681,0.1723446893787575,0.0029529566590704836,0.002278102779578862
18,1,3,0.18254590636417375,0.17635270541082163,0.003794252043773932,0.002398948909578216
19,0,4,0.17234275780753727,0.16833667334669336,0.0017776819547257968,0.0022284025061181036
20,0,4,0.15652197443477783,0.15230460921843686,0.002146513617456913,0.00207085159888407
21,1,3,0.24331026373697873,0.23647294589178355,0.003851629776211691,0.0029856880689834693
22,0,4,0.2714852870509728,0.2605210420841683,0.007646620804837991,0.003317624161966506
23,1,2,0.24272117371139618,0.23647294589178355,0.003303598127632799,0.0029446296919798235
24,0,4,0.18611357679318022,0.18036072144288576,0.0033141147353181574,0.0024387406149763264
25,0,4,0.24861500280027865,0.24048096192384769,0.005111596619122713,0.00302244425730825
26,0,4,0.22735225667886982,0.22044088176352702,0.004084269472746693,0.002827105442596101
27,0,4,0.1562811670710612,0.15230460921843686,0.0019546072443998304,0.0020219506082245296
28,1,3,0.22637194294061203,0.22044088176352702,0.003164402973913815,0.0027666582031711825
29,1,1,0.13988304206354651,0.13627254509018036,0.0017374684994425462,0.0018730284739236144
30,0,4,0.26564535199208916,0.2565130260521042,0.005918137874624582,0.003214188065360369
31,1,1,0.18094399245038512,0.17635270541082163,0.0023163287539819683,0.002274958285581538
32,1,1,0.07762560552700506,0.07615230460921843,0.00032805799763658655,0.0011452429201500387
33,1,3,0.15994106973623243,0.156312625250501,0.001558372503818849,0.0020700719819125774
34,0,4,0.08595562893991748,0.08416833667334668,0.0005333109395910681,0.0012539813269797325
35,1,2,0.244877872470458,0.23647294589178355,0.005388431538406926,0.0030164950402675333
36,1,2,0.1234764257628128,0.12024048096192384,0.001544735682673515,0.0016912091182154352
37,1,3,0.16870479012058032,0.16432865731462926,0.0021940373486656253,0.002182095457285425
38,1,1,0.20187522536470545,0.19639278557114226,0.002953447984421671,0.0025289918091415194
39,1,3,0.1441468440276423,0.1402805611222445,0.0018925351111776987,0.0019737477942201116
40,1,3,0.18553200126639696,0.18036072144288576,0.002819709411425409,0.0023515704120858163
41,1,3,0.30394220048267595,0.2925851703406813,0.007709624942237649,0.0036474051997569855
42,1,1,0.2145554822247643,0.20841683366733466,0.003503797101371316,0.002634851456058346
43,0,4,0.2436425090847256,0.23647294589178355,0.004197801826370058,0.002971761366571983
44,0,4,0.3077209953261739,0.29659318637274545,0.007469460849417533,0.0036583481040109423
45,1,1,0.14415154144233916,0.1402805611222445,0.001946862000121348,0.0019241183199733202
46,1,1,0.23546687422499563,0.2284569138276553,0.0041342582820114646,0.0028757021153288514
47,0,4,0.2035326099559484,0.19639278557114226,0.004528970197023997,0.0026108541877821346
48,1,3,0.18115374398843664,0.17635270541082163,0.002498483968239207,0.00230255460937581
49,1,1,0.1768900704652301,0.1723446893787575,0.0022953729514617483,0.002250008135010835
50,1,1,0.23140803195318232,0.22444889779559116,0.004136866975021811,0.002822267182569358
51,1,3,0.20671573189888626,0.2004008016032064,0.0036781182264740337,0.002636812069205829
52,1,2,0.3323914845178432,0.32064128256513025,0.007833455553333478,0.00391674639937948
53,1,3,0.20235422797808392,0.19639278557114226,0.0034151479540746143,0.0025462944528670413
54,1,1,0.16821282520825584,0.16432865731462926,0.0017300661918409168,0.002154101701785687
55,0,4,0.21953085332885383,0.2124248496993988,0.004354278874241084,0.002751724755213971
56,1,3,0.27842124330290585,0.2685370741482966,0.006530851221204808,0.0033533179334044975
57,1,1,0.20700219904294395,0.2004008016032064,0.004005138633945983,0.0025962588057915786
58,1,2,0.2607030055076152,0.25250501002004005,0.00504304077376142,0.003154954713813692
59,0,4,0.1985502346680348,0.19238476953907813,0.0036459452475098427,0.0025195198814468352
60,1,1,0.14773141677898363,0.1442885771543086,0.0015090807340386828,0.001933758890636341
61,1,2,0.22201198064310076,0.21643286573146292,0.002853237830170318,0.0027258770814675075
62,0,3,0.09413125030116834,0.09218436873747494,0.0005955371673647116,0.0013513443963286856
63,1,3,0.15599472437155065,0.15230460921843686,0.001660894233653546,0.0020292209194602614
64,1,1,0.1350318166151919,0.13226452905811623,0.0009824777561023798,0.0017848098009732908
65,1,1,0.20202889052796927,0.19639278557114226,0.0031271151140158096,0.0025089898428112046
66,0,4,0.14783384051145004,0.1442885771543086,0.0016090224905545743,0.0019362408665868714
67,1,3,0.18156107966015392,0.17635270541082163,0.0028787442655361273,0.0023296299837961545
68,1,1,0.24377934687095398,0.23647294589178355,0.004320027415242526,0.002986373563927882
69,1,1,0.26865624185628206,0.2605210420841683,0.004871435062861332,0.0032637647092524456
70,1,1,0.2314523160610339,0.22444889779559116,0.004155042393440968,0.0028483758720017744
71,1,2,0.2485975945310075,0.24048096192384769,0.005101430019090218,0.0030152025880696006
72,1,2,0.3207741828057508,0.30861723446893785,0.008344758806651961,0.003812189530160998
73,1,2,0.23529306087306787,0.2284569138276553,0.003939125781736966,0.0028970212636755953
74,1,2,0.1644269455102284,0.16032064128256512,0.0020186302437994043,0.002087673983863897
75,1,2,0.21812547550401057,0.2124248496993988,0.003026753517328439,0.0026738722872833263
76,1,1,0.3246107392267521,0.312625250501002,0.008125485130565319,0.0038600035951847638
77,1,3,0.1975919486887886,0.19238476953907813,0.0027269265953432436,0.002480252554367221
78,1,1,0.23642412573304153,0.2284569138276553,0.005067545587651597,0.002899666317734635
79,1,2,0.18531264172514186,0.18036072144288576,0.0025820416711667925,0.0023698786110892983
80,1,1,0.14842188583587862,0.1442885771543086,0.0021540160639351696,0.0019792926176348574
81,1,1,0.2437324412435612,0.23647294589178355,0.004284501799906448,0.0029749935518712084
82,1,1,0.1740181775925909,0.16833667334669336,0.0034098898775091827,0.002271614368388348
83,1,2,0.11861931954314053,0.11623246492985971,0.0007822018384489082,0.0016046527748319137
84,1,3,0.12818100830581244,0.12424849699398796,0.0021209960491370616,0.0018115152626874214
85,1,1,0.23086464375685647,0.22444889779559116,0.00359982114988612,0.002815924811379211
86,1,2,0.1147865548810674,0.11222444889779558,0.0009578621878325917,0.0016042437954392336
87,1,3,0.23186482214837506,0.22444889779559116,0.004569451905001305,0.0028464724477825928
88,1,1,0.21453731635085385,0.20841683366733466,0.003467620760200632,0.002652861923318559
89,0,3,0.15190754293865197,0.14829659318637273,0.0016407201261239338,0.0019702296261553086
90,0,4,0.20595984487520802,0.2004008016032064,0.0029823205909456723,0.0025767226810559617
91,0,4,0.21950693411786038,0.2124248496993988,0.004316391757908806,0.0027656926605527815
92,1,3,0.10244606303546526,0.1002004008016032,0.0007890894092035137,0.0014565728246585586
93,1,2,0.14775700713516585,0.1442885771543086,0.0015165042712017571,0.0019519257096554908
94,0,4,0.1391835785401779,0.13627254509018036,0.001074026740151048,0.0018370067098464823
95,0,4,0.1819042810093929,0.17635270541082163,0.0031858529563328344,0.0023657226422384567
96,0,4,0.16411254195078556,0.16032064128256512,0.00168397342241132,0.002107927245809105
97,1,2,0.18924250157594955,0.1843687374749499,0.0024602118361556602,0.0024135522648439964
98,1,1,0.240792495778674,0.23246492985971942,0.005364963798266813,0.002962602120687768
99,0,3,0.21439946105622879,0.20841683366733466,0.003336740525352283,0.0026458868635418284
100,1,2,0.3764915661181022,0.3607214428857715,0.011387049293655176,0.004383073938675476
101,1,2,0.17669863097235441,0.1723446893787575,0.002086682435530955,0.002267259158065974
102,1,3,0.11461486305152062,0.11222444889779558,0.000800361094879514,0.001590053058845525
103,0,4,0.18096788809237058,0.17635270541082163,0.0023113702032428788,0.002303812478306069
104,1,2,0.2707010250204243,0.2605210420841683,0.006873057136980736,0.0033069257992752884
105,1,2,0.16482401066663804,0.16032064128256512,0.0023302664451442913,0.002173102938928626
106,1,3,0.016531924466526467,0.01603206412825651,6.373151369468661e-06,0.0004934871869004846
107,0,4,0.15620738990747032,0.15230460921843686,0.001875423810945217,0.002027356878088237
108,0,3,0.10730785855540557,0.10420841683366733,0.00153988255399027,0.0015595591677479747
109,1,1,0.4067288085846999,0.3887775551102204,0.013242808847358279,0.00470844462712123
110,0,4,0.09432530654646595,0.09218436873747494,0.0007780164906416013,0.0013629213183494028
111,1,2,0.2560210658238125,0.24849699398797592,0.004409787709197102,0.003114284126639518
112,0,4,0.16887760026605195,0.16432865731462926,0.0023526181682045006,0.0021963247832181856
113,0,4,0.1769143825194672,0.1723446893787575,0.0023050977566847902,0.0022645953840249415
114,0,4,0.2023666155909574,0.19639278557114226,0.003435517633522254,0.002538312386292868
115,0,4,0.269766009933482,0.2605210420841683,0.005971720998782896,0.0032732468505307618
116,1,3,0.16218216592344228,0.156312625250501,0.0036823437861335786,0.002187196886807715
117,1,2,0.18507576707177195,0.18036072144288576,0.0023779558145749762,0.002337089814311228
118,0,4,0.21745046084661984,0.2124248496993988,0.00234193220688682,0.002683678940334221
119,1,3,0.2998091312121745,0.2885771543086172,0.007631609172186837,0.003600367731370452
120,1,1,0.14397832913633685,0.1402805611222445,0.0018042769898303785,0.001893491024261978
121,1,1,0.22304106359472625,0.21643286573146292,0.0038596682198707415,0.002748529643392579
122,0,4,0.1689517720548363,0.16432865731462926,0.00245645525662459,0.002166659483582461
123,1,1,0.23518300272132828,0.2284569138276553,0.003865335299644185,0.0028607535940288037
124,1,2,0.1981394017827016,0.19238476953907813,0.0032710801639881065,0.0024835520796353612
125,1,2,0.2190008076195787,0.2124248496993988,0.003857182282577227,0.0027187756376027086
126,1,2,0.1353478872695671,0.13226452905811623,0.0012836192546345844,0.0017997389568162876
127,1,2,0.13106077563876076,0.1282565130260521,0.0010509453466453723,0.0017533172660632894
128,1,3,0.15210193714003994,0.14829659318637273,0.0018032391681824442,0.002002104785484756
129,1,3,0.273881444829589,0.26452905811623245,0.0060121155099355115,0.0033402712034209876
130,0,4,0.2619339903470409,0.25250501002004005,0.0062072450796689296,0.0032217352473319113
131,0,4,0.13515952647584936,0.13226452905811623,0.0011096157152569008,0.0017853817024762481
132,0,4,0.21165910121863213,0.20440881763527052,0.004589394224912925,0.0026608893584486775
133,1,3,0.041000406037705515,0.04008016032064128,9.161244393642088e-05,0.0008286332731278117
134,1,2,0.028672520808240246,0.028056112224448895,0.0,0.0006164085837913511
135,1,2,0.17291434152940466,0.16833667334669336,0.002377845974510027,0.0021998222082012728
136,1,2,0.18510753837788563,0.18036072144288576,0.0024092046754581624,0.002337612259541724
137,1,3,0.21830638941227073,0.2124248496993988,0.003173098245950533,0.0027084414669214167
138,1,3,0.06135121593407627,0.06012024048096192,0.0002218573794577053,0.001009118073656638
139,0,4,0.29101824105641383,0.280561122244489,0.0069824580016508726,0.003474660810274003
140,0,4,0.27330810527399757,0.26452905811623245,0.005466206780676325,0.0033128403770887943
141,1,1,0.10235642539322876,0.1002004008016032,0.0006988615373274639,0.0014571630542980886
142,0,4,0.09389497711963182,0.09218436873747494,0.00036193797654217606,0.0013486704056147039
143,0,4,0.1023096700783344,0.1002004008016032,0.0006809343735129501,0.001428334903218254
144,1,1,0.11456703028871208,0.11222444889779558,0.0007809245147537139,0.0015616568761627888
145,0,4,0.18989885442003102,0.1843687374749499,0.003095734085809025,0.0024343828592721076
146,0,4,0.1726683970572269,0.16833667334669336,0.0021129825264790693,0.00221874118405445
147,1,3,0.18589548088064878,0.18036072144288576,0.003166346087040079,0.0023684133507229344
148,1,2,0.16863307096590177,0.16432865731462926,0.0021222095233174587,0.002182204127955048
149,1,1,0.2101478232909298,0.20440881763527052,0.003136147654360043,0.002602858001299213
150,1,1,0.26877283891934795,0.2605210420841683,0.005020352983116016,0.0032314438520635665
151,1,1,0.09803345345797887,0.09619238476953906,0.0004574912125707114,0.001383577475869085
152,0,4,0.12730363574011866,0.12424849699398796,0.0013389069371882605,0.0017162318089424225
153,0,4,0.14838954914409552,0.1442885771543086,0.002073556665198801,0.002027415324588147
154,1,2,0.22344378126812897,0.21643286573146292,0.004215981860252195,0.0027949336764138666
155,1,1,0.28223347141974003,0.2725450901803607,0.006327637284062914,0.0033607439553163805
156,1,2,0.2443479184614767,0.23647294589178355,0.004881527806001469,0.00299344476369167
157,1,3,0.15285657878920395,0.14829659318637273,0.0025190265011386095,0.002040959101692613
158,0,4,0.1146810346347161,0.11222444889779558,0.0008714210932333162,0.0015851646436872025
159,0,4,0.1398698266926548,0.13627254509018036,0.0016982233171042899,0.0018990582853701645
160,1,2,0.25639080593961566,0.24849699398797592,0.004740658033752632,0.0031531539178871124
161,0,4,0.24921651908275994,0.24048096192384769,0.005688143506618441,0.0030474136522937903
162,0,4,0.2985778595453971,0.2885771543086172,0.006431962976633825,0.0035687422601461028
163,1,2,0.1773451300820701,0.1723446893787575,0.0027336635606388113,0.0022667771426737784
164,1,1,0.16877382274313474,0.16432865731462926,0.002275004228833169,0.002170161199672323
165,1,1,0.20165477154780065,0.19639278557114226,0.002740765748576098,0.002521220228082281
166,1,1,0.11870384561893974,0.11623246492985971,0.0008636277958040118,0.0016077528932760083
167,1,2,0.180816482021877,0.17635270541082163,0.0021707762245057943,0.0022930003865495995
168,1,1,0.359451658383694,0.344689378757515,0.010550482598796,0.004211797027382985
169,0,4,0.1980020156715505,0.19238476953907813,0.003111462037275127,0.0025057840951972494
170,1,3,0.10234039164441451,0.1002004008016032,0.0006888927417711165,0.0014510981010401993
171,1,1,0.10642946394128858,0.10420841683366733,0.0007406355312691322,0.0014804115763521176
172,1,1,0.17799435146687898,0.1723446893787575,0.0033335551412889716,0.0023161069468325196
173,1,1,0.1106715114423195,0.10821643286573146,0.0009185188221179586,0.0015365597544700722
174,1,3,0.15638118368098214,0.15230460921843686,0.002029849732078904,0.002046724730466395
175,1,2,0.11884814523394807,0.11623246492985971,0.000995289888601178,0.0016203904154871917
176,1,1,0.17294673877611438,0.16833667334669336,0.002413311524354728,0.0021967539050662898
177,0,4,0.1361099094498003,0.13226452905811623,0.0020116903984819254,0.0018336899932021558
178,1,3,0.1267043460793184,0.12424849699398796,0.0007486440239679224,0.0017072050613625394
179,1,2,0.057219738238522416,0.05611222444889779,0.0001658559392595272,0.0009416578503651036
180,1,3,0.16485449629308654,0.16032064128256512,0.0024065653250508507,0.002127289685470564
181,0,3,0.22323062924307338,0.21643286573146292,0.004055072213316396,0.002742691298294065
182,0,4,0.21008295165106977,0.20440881763527052,0.003044286149664352,0.0026298478661349167
183,1,3,0.17654874815294777,0.1723446893787575,0.00196668049684269,0.0022373782773475936
184,0,4,0.1190506271323296,0.11623246492985971,0.0011749044355225074,0.0016432577669473693
185,1,3,0.12718645054158922,0.12424849699398796,0.0012388909208625367,0.0016990626267387055
186,1,2,0.18053309046546986,0.17635270541082163,0.0018940756830793,0.0022863093715689343
187,0,4,0.19346192033393306,0.18837675350701402,0.0026562525433115754,0.002428914283607444
188,0,4,0.05311065159411051,0.052104208416833664,0.00012085607181348395,0.0008855871054633654
189,1,1,0.21019007129612724,0.20440881763527052,0.003189332406280002,0.002591921254576724
190,1,1,0.1732462717104664,0.16833667334669336,0.0026981360391357587,0.0022114623246372693
191,1,1,0.20718481260696664,0.2004008016032064,0.004171036777847716,0.002612974225912515
192,0,4,0.2349386754245862,0.2284569138276553,0.003594346650645941,0.0028874149462849662
193,0,4,0.07760928716950086,0.07615230460921843,0.000283420824502866,0.0011735617357795662
194,1,2,0.14307987074094367,0.1402805611222445,0.0009326288436947876,0.0018666807750043687
195,1,2,0.07345446492119302,0.0721442885771543,0.00020404938273458695,0.0011061269613041387
196,1,3,0.08173095533735117,0.08016032064128256,0.00035752490595650476,0.0012131097901121103
197,0,3,0.1147398410638277,0.11222444889779558,0.0009133368520767011,0.0016020553139554205
198,1,1,0.05707887252134364,0.05611222444889779,5.808343269011088e-05,0.0009085646397557342
199,1,3,0.22788192792303893,0.22044088176352702,0.004623699231311894,0.002817346928200016
200,1,3,0.2063064836682628,0.2004008016032064,0.0033028926958294466,0.002602789369226962
201,1,2,0.21516161454387236,0.20841683366733466,0.00405314359966913,0.002691637276868593
202,0,4,0.17255415014950146,0.16833667334669336,0.001997765534271745,0.002219711268536337
203,0,4,0.1690318122153125,0.16432865731462926,0.0024879374839288796,0.0022152174167543335
204,1,3,0.15553512224684396,0.15230460921843686,0.001193250155311303,0.0020372628730958146
205,1,3,0.22756930816289173,0.22044088176352702,0.004308882742583979,0.002819543656780732
206,1,3,0.13075384341430588,0.1282565130260521,0.0007519347856352955,0.0017453956026184931
207,0,4,0.23246332452387158,0.22444889779559116,0.005129920163617178,0.0028845065646632296
208,1,1,0.23602125677314545,0.2284569138276553,0.004673155650658062,0.002891187294832099
209,1,3,0.1232924242875391,0.12024048096192384,0.0013620586116537502,0.0016898847139614989
210,1,2,0.27369793392243424,0.26452905811623245,0.005876060779780222,0.0032928150264215947
211,0,4,0.21062088458181963,0.20440881763527052,0.003538238890266183,0.002673828056282919
212,1,1,0.13096873921217747,0.1282565130260521,0.0009806613297606722,0.0017315648563646794
213,0,3,0.13525362598473833,0.13226452905811623,0.0012088781155977766,0.0017802188110243359
214,1,1,0.184793951986748,0.18036072144288576,0.0020988065927716568,0.0023344239510906077
215,0,3,0.09405125248597022,0.09218436873747494,0.0005184252333577809,0.0013484585151374994
216,0,4,0.23574155053852097,0.2284569138276553,0.004409733691573561,0.0028749030192920986
217,1,2,0.12735493428233888,0.12424849699398796,0.0013884650633398407,0.0017179722250110774
218,1,2,0.1360995514558394,0.13226452905811623,0.001997172439883889,0.00183784995783929
219,1,1,0.147733965981877,0.1442885771543086,0.0014994766839243878,0.001945912143643998
220,1,3,0.06118808140490147,0.06012024048096192,0.00010008953052837009,0.0009677513934111832
221,1,2,0.2863517013507995,0.27655310621242485,0.0063822362843730255,0.0034163588540016363
222,1,3,0.14754412324396346,0.1442885771543086,0.0013390010054757195,0.0019165450841791688
223,1,1,0.36768359549283125,0.35270541082164325,0.010684739443670876,0.004293445227517119
224,1,3,0.1315433610673472,0.1282565130260521,0.0014841532954741321,0.0018026947458209771
225,0,4,0.14753139424832223,0.1442885771543086,0.0013037535198605103,0.0019390635741531395
226,1,2,0.14354660193020558,0.1402805611222445,0.0013972788128917312,0.001868761995069343
227,1,2,0.2870909067548386,0.27655310621242485,0.007108604946295398,0.0034291955961183993
228,1,2,0.11474517344759441,0.11222444889779558,0.000943292921180195,0.0015774316286186287
229,0,3,0.22674701490442628,0.22044088176352702,0.0034944603168623545,0.002811672824036907
230,1,3,0.1273977109350444,0.12424849699398796,0.0014290431064912534,0.0017201708345651813
231,1,3,0.15589940870456012,0.15230460921843686,0.0015782486525817681,0.0020165508335414943
232,1,2,0.07781437135899948,0.07615230460921843,0.0004821175311868042,0.0011799492185942384
233,1,3,0.11059277180579898,0.10821643286573146,0.0008290714774510165,0.0015472674626165047
234,1,1,0.1860513127338445,0.18036072144288576,0.0033009620603959575,0.0023896292305627936
235,1,1,0.2523587231377316,0.2444889779559118,0.004816104030928229,0.003053641150891602
236,1,1,0.17697448649886752,0.1723446893787575,0.002382546923313556,0.0022472501967964655
237,1,2,0.24001383593980613,0.23246492985971942,0.004614340811208685,0.002934565268878024
238,1,1,0.11021087554468602,0.10821643286573146,0.00048418249563827434,0.0015102601833162739
239,1,1,0.29821149180626305,0.2885771543086172,0.006079212349418742,0.0035551251482271334
240,1,2,0.08580161171680661,0.08416833667334668,0.00039515590278339395,0.0012381191406765327
241,0,4,0.14795967866427356,0.1442885771543086,0.0017035433413124849,0.0019675581686524777
242,1,2,0.10627013245072153,0.10420841683366733,0.000599998502631644,0.00146171711442256
243,1,3,0.22387063898525028,0.21643286573146292,0.004629568800132859,0.0028082044536545145
244,0,4,0.23882249614204545,0.23246492985971942,0.0034403088957538444,0.0029172573865721965
245,1,1,0.10604379388104013,0.10420841683366733,0.00038065060021924747,0.0014547264471535554
246,0,4,0.0287139301117516,0.028056112224448895,0.0,0.0006578178873027054
247,0,4,0.1636933800236041,0.16032064128256512,0.0012791823286027963,0.0020935564124361563
248,1,2,0.09827081250323011,0.09619238476953906,0.0006908667752063453,0.0013875609584847082
249,1,1,0.18890077444445916,0.1843687374749499,0.0021651412068319845,0.0023668957626772993
250,0,4,0.18218323998365787,0.17635270541082163,0.003456913021778481,0.002373621551057777
251,0,4,0.14414267896122243,0.1402805611222445,0.0019264850992666812,0.0019356327397112658
252,1,1,0.12263204361574373,0.12024048096192384,0.0007464850997034969,0.001645077554116393
253,1,1,0.15594329256845735,0.15230460921843686,0.0016134461745036458,0.002025237175516844
254,0,4,0.21169194620663281,0.20440881763527052,0.00461953220077246,0.002663596370589819
255,1,1,0.14335698844199374,0.1402805611222445,0.001192879443656304,0.0018835478760929397
256,1,1,0.20186990080564512,0.19639278557114226,0.0029238947519358055,0.002553220482567075
257,1,1,0.08571874701448158,0.08416833667334668,0.00029458370165060633,0.001255826639484306
258,1,1,0.10205720807774502,0.1002004008016032,0.0004328561901665777,0.0014239510859752483
259,1,1,0.18561057177575374,0.18036072144288576,0.002895617602719258,0.002354232730148739
260,1,1,0.1688717109043622,0.16432865731462926,0.002373601683419975,0.002169451906312977
261,1,3,0.0857581201648636,0.08416833667334668,0.000339583848025934,0.0012501996434909966
262,0,4,0.10645582540953698,0.10420841683366733,0.0007421106878698671,0.0015052978879997836
263,1,1,0.2264716579919578,0.22044088176352702,0.0032347954838966853,0.0027959807445340663
264,0,4,0.15978114848245906,0.156312625250501,0.0014104654177831942,0.0020580578141748637
265,1,2,0.10670961919820005,0.10420841683366733,0.000999513899731763,0.0015016884648009518
266,1,2,0.11045070498108422,0.10821643286573146,0.0007117851752488743,0.0015224869401038814
267,0,4,0.21426584323721548,0.20841683366733466,0.0031672942839974156,0.0026817152858834114
268,0,4,0.11431966957107514,0.11222444889779558,0.0005283811130985972,0.0015668395601809706
269,1,2,0.17660596699879827,0.1723446893787575,0.002039026000795943,0.002222251619244838
270,1,2,0.16451633676727448,0.16032064128256512,0.002080050133837165,0.0021156453508722004
271,1,2,0.13099137049831097,0.1282565130260521,0.001007417547660706,0.001727439924598183
272,1,2,0.18929128607778425,0.1843687374749499,0.0025215754364237555,0.002400973166410608
273,1,1,0.14813801769159388,0.1442885771543086,0.0018877638205589613,0.0019616767167263066
274,1,3,0.11059061754617992,0.10821643286573146,0.000848300221734164,0.0015258844587142982
275,1,2,0.11485707879494007,0.11222444889779558,0.0010390819181854709,0.0015935479789590257
276,1,1,0.18953809205448874,0.1843687374749499,0.0027576390448310647,0.0024117155347077876
277,1,3,0.23691269269560272,0.2284569138276553,0.00552062644267642,0.0029351524252710067
278,0,3,0.15229550317515064,0.14829659318637273,0.0019820657789940853,0.002016844209783827
279,0,4,0.10261881080631838,0.1002004008016032,0.0009488609607167092,0.0014695490439984725
280,0,4,0.15225550209970465,0.14829659318637273,0.0018875635329052092,0.002071345380426708
281,0,4,0.03697180545323029,0.03607214428857715,0.00015435316741556346,0.0007453079972375791
282,1,1,0.10612268273330636,0.10420841683366733,0.0004597784999812082,0.0014544873996578242
283,0,4,0.0816214662687136,0.08016032064128256,0.0002709631183267428,0.001190182509104304
284,1,2,0.11877235696112562,0.11623246492985971,0.0008997432844022143,0.001640148746863683
285,0,4,0.061296513939716,0.06012024048096192,0.00019581323461393337,0.0009804602241401494
286,1,2,0.09400767700304587,0.09218436873747494,0.00048342337276356055,0.0013398848928073527
287,0,4,0.15231599737133508,0.14829659318637273,0.0020125863146629934,0.002006817870299363
288,1,3,0.2660273671387879,0.2565130260521042,0.006276782470408703,0.003237558616275026
289,0,4,0.0003020539669756008,0.0,0.0,0.0003020539669756008
290,0,4,0.06136641508817023,0.06012024048096192,0.0002575113437082568,0.000988663263500052
291,1,3,0.16871187847634944,0.16432865731462926,0.002200749715467593,0.0021824714462525753
292,1,2,0.09000659225158834,0.08817635270541081,0.0005162603143208096,0.0013139792318567199
293,1,2,0.0003020539669756008,0.0,0.0,0.0003020539669756008
294,1,3,0.08162958045631852,0.08016032064128256,0.0002834348458512918,0.0011858249691846685
295,1,2,0.1474984542489419,0.1442885771543086,0.0012647486719744088,0.0019451284226588861
296,0,4,0.16866322862653313,0.16432865731462926,0.002204149463469227,0.002130421848434636
297,1,1,0.12676083208899117,0.12424849699398796,0.000823302497095831,0.0016890325979073738
298,0,4,0.032739885871540794,0.03206412825651302,0.0,0.0006757576150277709
299,0,4,0.21062692186472315,0.20440881763527052,0.00356809973068472,0.0026500044987678986
300,1,2,0.18528497966435206,0.18036072144288576,0.0025504926744583435,0.0023737655470079575
301,1,1,0.14738738218050992,0.1442885771543086,0.0011608107123465925,0.0019379943138547453
302,1,1,0.08580984019633597,0.08416833667334668,0.0003943548309268427,0.0012471486920624542
303,1,1,0.08590500887779771,0.08416833667334668,0.0004884519747754728,0.001248220229675559
304,1,2,0.09052793410346704,0.08817635270541081,0.0010017352064845126,0.001349846191571716
305,1,2,0.14762986849289425,0.1442885771543086,0.0014356167034960904,0.0019056746350895617
306,1,1,0.16440642775062986,0.16032064128256512,0.001963489427225374,0.0021222970408393675
307,0,3,0.1356135292679268,0.13226452905811623,0.0015001292790242436,0.0018488709307863433
308,1,3,0.3248084792545987,0.312625250501002,0.008331390897698842,0.003851837855897888
309,0,3,0.12246230923253834,0.12024048096192384,0.0005779357210338403,0.0016438925495806528
310,1,2,0.04087247268191541,0.04008016032064128,5.231351671898418e-05,0.0007399988445551465
311,1,2,0.04501394761789184,0.044088176352705406,0.00011764215738384849,0.0008081291078025859
312,1,1,0.12306185750758519,0.12024048096192384,0.0011501402123566,0.0016712363333047544
313,0,4,0.032770340863262255,0.03206412825651302,3.056795166416327e-05,0.0006756446550850663
314,0,4,0.06948592287522148,0.06813627254509018,0.000261933008314472,0.0010877173218168366
315,1,1,0.11849923369676042,0.11623246492985971,0.0006703393825386114,0.0015964293843620876
316,1,1,0.07348160557070565,0.0721442885771543,0.00022369452009999237,0.0011136224734513741
317,1,2,0.19786226927454056,0.19238476953907813,0.0030217351916594017,0.0024557645438030226
318,0,4,0.10599084163652103,0.10420841683366733,0.00032923707347795724,0.0014531877293757533
319,0,4,0.15547301375133976,0.15230460921843686,0.0011667533790605158,0.0020016511538423756
320,1,1,0.12712220573103916,0.12424849699398796,0.001139693211874883,0.0017340155251763262
321,0,4,0.044981396177442706,0.044088176352705406,9.17573191570168e-05,0.0008014625055802826
322,1,1,0.13952278993964448,0.13627254509018036,0.0014273534634455117,0.00182289138601861
323,1,2,0.12289309691023362,0.12024048096192384,0.0009957904686352965,0.0016568254796744861
324,1,2,0.26082270120343914,0.25250501002004005,0.00516661362521363,0.003151077558185424
325,1,1,0.10219914837949881,0.1002004008016032,0.0005775482319194632,0.001421199345976151
326,1,1,0.1439230356071235,0.1402805611222445,0.0017427972097133096,0.0018996772751656947
327,0,4,0.08622083388291266,0.08416833667334668,0.0007737878067094363,0.001278709402856543
328,1,1,0.19341032017336826,0.18837675350701402,0.0026064871450236513,0.0024270795213305967
329,1,1,0.11861169978914726,0.11623246492985971,0.0007747682685954259,0.0016044665906921208
330,1,3,0.12688710269493342,0.12424849699398796,0.0009384310664963166,0.0017001746344491304
331,0,4,0.12270181287856174,0.12024048096192384,0.0008299132129748109,0.0016314187036631025
332,0,4,0.23180410730409645,0.22444889779559116,0.004501483994584137,0.0028537255139211466
333,1,2,0.20215267309197835,0.19639278557114226,0.0032370885933423353,0.00252279892749373
334,1,1,0.02869145473311458,0.028056112224448895,0.0,0.0006353425086656876
335,1,3,0.03278498545706761,0.03206412825651302,0.0,0.0007208572005545844
336,0,4,0.25206670240305046,0.2444889779559118,0.004513264589301906,0.003064459857836787
337,1,1,0.10629451731878872,0.10420841683366733,0.0006157480117073381,0.0014703524734140504
338,1,2,0.1515896165008239,0.14829659318637273,0.0013364445707280057,0.001956578743723151
339,0,4,0.10202600242638805,0.1002004008016032,0.0003945216878961741,0.0014310799368886795
340,1,1,0.057095042803693284,0.05611222444889779,5.9067694022000265e-05,0.0009237506607734904
341,0,4,0.06527120694148106,0.06412825651302605,0.00013625370936654554,0.0010066967190884772
342,0,3,0.12298869124608322,0.12024048096192384,0.0010956791730360328,0.0016525311111233428
343,0,4,0.13933303131852967,0.13627254509018036,0.0011804726905365929,0.0018800135378127195
344,1,3,0.1645097432119698,0.16032064128256512,0.002054369421241088,0.002134732508163568
345,0,4,0.1604689395384039,0.156312625250501,0.002050338331871756,0.0021059759560311422
346,0,4,0.03690191492527267,0.03607214428857715,6.381827913693814e-05,0.0007659523575585905
347,1,1,0.2234579867372443,0.21643286573146292,0.004246387850730791,0.0027787331550505976
348,1,2,0.06935732084490455,0.06813627254509018,0.00015750348864668323,0.0010635448111676914
349,1,3,0.11095644841763787,0.10821643286573146,0.0011624132835685163,0.0015776022683378858
350,0,4,0.14735821715316189,0.1442885771543086,0.001140318765868858,0.0019293212329844233
351,0,4,0.1268168670943526,0.12424849699398796,0.0008861082864037754,0.0016822618139608492
352,1,2,0.1433646017203367,0.1402805611222445,0.0012340748194526114,0.0018499657786395771
353,1,2,0.18593946311971685,0.18036072144288576,0.003196295287100383,0.0023824463897307094
354,1,1,0.08190401285025298,0.08016032064128256,0.0005247689872576407,0.0012189232217127656
355,1,2,0.07349231284561891,0.0721442885771543,0.00022214457910752335,0.001125879689357096
356,1,3,0.16414534680840642,0.16032064128256512,0.0017019977981613736,0.0021227077276799265
357,1,3,0.11045740854999073,0.10821643286573146,0.0006846521271455037,0.0015563235571137545
358,1,1,0.14733792679053637,0.1442885771543086,0.0011494710700786033,0.0018998785661491656
359,0,4,0.05721205592120378,0.05611222444889779,0.00015968548751471034,0.0009401459847912796
360,1,2,0.08185608885869247,0.08016032064128256,0.00047041415666860273,0.0012253540607413136
361,1,1,0.14766613750945473,0.1442885771543086,0.0014346430438639832,0.0019429173112821495
362,1,3,0.11866126038301117,0.11623246492985971,0.0008064937469522655,0.0016223017061991847
363,1,3,0.14400834939223156,0.1402805611222445,0.001808633553730871,0.0019191547162562095
364,1,3,0.15998348967362253,0.156312625250501,0.0015950203594970011,0.0020758440636245434
365,1,2,0.20180352612045907,0.19639278557114226,0.0028672240519414514,0.00254351649737536
366,0,4,0.16162491651368832,0.156312625250501,0.0031639469033441334,0.0021483443598432086
367,1,3,0.11848677518895655,0.11623246492985971,0.0006623792470133835,0.0015919310120834492
368,1,3,0.19728992271995718,0.19238476953907813,0.002455825766900873,0.002449327413978193
369,1,1,0.12682597573305043,0.12424849699398796,0.0008709065633279852,0.0017065721757345085
370,0,4,0.10637824470675884,0.10420841683366733,0.0007036818235290328,0.001466146049562482
371,1,1,0.08987302933335958,0.08817635270541081,0.00040017452969304186,0.0012965020982557236
372,0,4,0.15985033938014578,0.156312625250501,0.0014769737556437948,0.0020607403740009926
373,0,4,0.06125253344057765,0.06012024048096192,0.0001240564703943607,0.0010082364892213657
374,1,1,0.020570255651470984,0.02004008016032064,0.0,0.000530175491150343
375,0,4,0.09009503938039004,0.08817635270541081,0.0006284754714575348,0.0012902112035216955
376,1,3,0.08597898065930117,0.08416833667334668,0.0005290307290192275,0.0012816132569352552
377,1,2,0.1227567702899393,0.12024048096192384,0.0008752143077439765,0.0016410750202714769
378,1,1,0.0490554698426313,0.04809619238476953,0.00010291855549314514,0.0008563589023686254
379,1,2,0.12262497175211136,0.12024048096192384,0.0007258912908754338,0.0016585994993120906
380,1,2,0.15267998183264575,0.14829659318637273,0.0023458907145779188,0.002037497931695122
381,1,1,0.1981328904354932,0.19238476953907813,0.0032526938061215927,0.0024954270902934938
382,1,2,0.1692031489717437,0.16432865731462926,0.002687373648750932,0.002187118008363533
383,0,4,0.15244023172776675,0.14829659318637273,0.002134806934653811,0.0020088316067402127
384,0,3,0.2481963634756751,0.24048096192384769,0.004697625402542548,0.003017776149284877
385,1,3,0.0947286469202699,0.09218436873747494,0.0011226876940562732,0.0014215904887386953
386,1,3,0.1061849738767904,0.10420841683366733,0.0004984015468051389,0.001478155496317934
387,1,3,0.12690899698380748,0.12424849699398796,0.0009553819968010726,0.00170511799301845
388,0,3,0.1559294159760823,0.15230460921843686,0.001623101695003512,0.002001705062641903
389,1,1,0.1230564492466317,0.12024048096192384,0.0011415719016734868,0.001674396383034371
390,0,4,0.09398775469995274,0.09218436873747494,0.0004394599284595647,0.0013639260340182276
391,1,2,0.1514404634191739,0.14829659318637273,0.0011837077911981283,0.0019601624416030155
392,0,4,0.1719829383793718,0.16833667334669336,0.001469611971240405,0.0021766530614380445
393,0,4,0.03677734880009596,0.03607214428857715,0.0,0.000705204511518814
394,1,3,0.19921492975089583,0.19238476953907813,0.0042748536385498045,0.0025553065732679173
395,1,2,0.14761929257304116,0.1442885771543086,0.0014131066536737784,0.0019176087650587905
396,1,1,0.19351978420565108,0.18837675350701402,0.0027172858515845397,0.0024257448470525063
397,0,3,0.21005349603270473,0.20440881763527052,0.0030443984547856443,0.0026002799426485448
398,1,3,0.21088951683149762,0.20440881763527052,0.0037830836293853347,0.0026976155668417476
399,0,4,0.1069500935489648,0.10420841683366733,0.0011743073889831988,0.0015673693263142767
400,1,2,0.09065230057099687,0.08817635270541081,0.001127942055620339,0.0013480058099657197
401,0,3,0.16868196486296586,0.16432865731462926,0.0021995072160276162,0.0021538003323089594
402,0,4,0.0778209671439636,0.07615230460921843,0.000483356780854458,0.001185305753890714
403,0,4,0.07771042853866535,0.07615230460921843,0.00036844587058715175,0.0011896780588597595
404,1,3,0.09833032311052843,0.09619238476953906,0.0007171950644805355,0.0014207432765088288
405,1,2,0.20598636338762058,0.2004008016032064,0.003021665189304307,0.002563896595109881
406,1,3,0.12677849667715468,0.12424849699398796,0.0008184582470838446,0.0017115414360828651
407,0,4,0.08993349877800817,0.08817635270541081,0.00046620140256663776,0.0012909446700307228
408,1,1,0.23187238228982357,0.22444889779559116,0.00457060984780143,0.0028528746464309674
409,0,4,0.16034678122750662,0.156312625250501,0.0019573945294730543,0.0020767614475325716
410,1,1,0.12262213084018951,0.12024048096192384,0.0007353801347556697,0.001646269743510002
411,0,4,0.07768765335319014,0.07615230460921843,0.0003665740925664834,0.0011687746514052366
412,0,3,0.045058206425983384,0.044088176352705406,0.0001336292206045958,0.0008364008526733833
413,1,1,0.09797002437920126,0.09619238476953906,0.0004002612765371992,0.0013773783331249932
414,1,2,0.14739838679668127,0.1442885771543086,0.00120654131055486,0.001903268331817822
415,1,2,0.15596758819385217,0.15230460921843686,0.0015970518483632836,0.002065927127052026
416,1,2,0.1430409721458394,0.1402805611222445,0.0009088967870369578,0.0018515142365579662
417,0,4,0.08573648863959527,0.08416833667334668,0.0003177892305303908,0.0012503627357182015
418,1,3,0.12746724634513704,0.12424849699398796,0.0014949398646162508,0.0017238094865328264
419,1,1,0.17629144400692745,0.1723446893787575,0.0017090335409160778,0.002237721087253879
420,1,3,0.15577486857152834,0.15230460921843686,0.0014460841285094041,0.0020241752245820713
421,1,3,0.14844919800176426,0.1442885771543086,0.0021776122842199724,0.001983008563235687
422,0,4,0.1060624911247524,0.10420841683366733,0.0003878773559974405,0.001466196935087637
423,0,4,0.11474122027303627,0.11222444889779558,0.0009447800811450266,0.0015719912940956645
424,0,4,0.20593550203379316,0.2004008016032064,0.0029867359795377416,0.0025479644510490195
425,1,2,0.16014970245412993,0.156312625250501,0.0017888865604389038,0.0020481906431900395
426,1,2,0.08565014924621993,0.08416833667334668,0.00023056001253376,0.0012512525603394946
427,0,4,0.10236859864473986,0.1002004008016032,0.0007390721066366955,0.0014291257364999707
428,1,2,0.1558526597050657,0.15230460921843686,0.0015274313094945163,0.0020206191771343297
429,1,3,0.06561813146899903,0.06412825651302605,0.00042522115381474337,0.0010646538021582348
430,1,3,0.16013130890201377,0.156312625250501,0.001757185664706812,0.002061497986805974
431,0,4,0.03273154957169792,0.03206412825651302,0.0,0.0006674213151848965
432,1,1,0.13493820503191123,0.13226452905811623,0.0008923186736876562,0.0017813573001073356
433,0,4,0.13101046035431224,0.1282565130260521,0.0010134033120083807,0.0017405440162517735
434,1,3,0.1268590899469308,0.12424849699398796,0.0009137373425514195,0.001696855610391406
435,1,3,0.202677774767381,0.19639278557114226,0.0036900917036178328,0.002594897492620894
436,0,4,0.10666994315262922,0.10420841683366733,0.0009714183275175001,0.001490107991444391
437,0,4,0.06138243294947264,0.06012024048096192,0.0002774432917817782,0.0009847491767289345
438,1,1,0.24401064315148238,0.23647294589178355,0.004571053028443647,0.002966644231255177
439,1,2,0.15159324008759015,0.14829659318637273,0.0013262742503369626,0.001970372650880466
440,1,3,0.08983237448047227,0.08817635270541081,0.00036649664779816327,0.0012895251272632851
441,0,4,0.036826885966151614,0.03607214428857715,3.3026647860087204e-05,0.0007217150297143735
442,1,2,0.18953490633658238,0.1843687374749499,0.0027716488022105023,0.0023945200594219793
443,0,4,0.13124902981305572,0.1282565130260521,0.0012309271330472572,0.0017615896539563765
444,0,3,0.10611556935309097,0.10420841683366733,0.00043664191672389534,0.001470510602699739
445,0,4,0.04916086624824681,0.04809619238476953,0.0001940895646634222,0.0008705842988138593
446,0,4,0.15563165151752065,0.15230460921843686,0.00131801945416523,0.0020090228449185506
447,1,1,0.1940574727166042,0.18837675350701402,0.003205345651907476,0.0024753735576827198
448,1,2,0.06592434260485837,0.06412825651302605,0.0006898549520598126,0.0011062311397725165
449,0,3,0.08992127849460718,0.08817635270541081,0.00044394904332574367,0.0013009767458706306
450,1,3,0.18584705364890092,0.18036072144288576,0.0031059994542794677,0.002380332751735681
451,1,2,0.20199488474154106,0.19639278557114226,0.0030655833934713933,0.002536515776927403
452,1,1,0.07345912820111195,0.0721442885771543,0.00020273592435962568,0.001112103699598026
453,0,4,0.08212432997136228,0.08016032064128256,0.0007186127223200638,0.0012453966077596585
454,1,1,0.08973570571531693,0.08817635270541081,0.00027984540418115873,0.0012795076057249585
455,0,3,0.17796770024905498,0.1723446893787575,0.0033110302856499576,0.002311980584647524
456,1,3,0.15668601063551096,0.15230460921843686,0.002327269127809306,0.002054132289264791
457,1,3,0.10671944139427503,0.10420841683366733,0.0009893490587430452,0.001521675501864662
458,1,1,0.18517751280231434,0.18036072144288576,0.0024843541555246446,0.0023324372039039303
459,1,3,0.10209289303148196,0.1002004008016032,0.00044472498081614414,0.001447767249062623
460,1,2,0.16527944229476613,0.16032064128256512,0.0027993684634880396,0.0021594325487129585
461,0,4,0.05726202026999684,0.05611222444889779,0.0001979809766336003,0.0009518148444654531
462,1,1,0.040996528730421776,0.04008016032064128,0.00015076331309563933,0.000765605096684856
463,1,1,0.0900840415626748,0.08817635270541081,0.0005730259175557485,0.0013346629397082447
464,1,3,0.1563144415729328,0.15230460921843686,0.0019810653983253685,0.0020287669561705798
465,1,1,0.15984522040841748,0.156312625250501,0.0014885817734534442,0.002044013384463034
466,1,3,0.09414708350507703,0.09218436873747494,0.0006107953998712959,0.001351919367730779
467,1,1,0.09827829289802655,0.09619238476953906,0.0007039869741509378,0.001381921154336536
468,0,4,0.0859538736955112,0.08416833667334668,0.0005237986272392,0.0012617383949253315
469,1,2,0.15185589571319422,0.14829659318637273,0.0015698395528285674,0.001989462973992909
470,1,1,0.08590155102918504,0.08416833667334668,0.000478686994196659,0.0012545273616416989
471,1,3,0.0938341117662071,0.09218436873747494,0.0003159054659704402,0.0013338375627617183
472,0,4,0.016510960703356718,0.01603206412825651,0.0,0.0004788965751002064
473,1,1,0.07770630768381631,0.07615230460921843,0.00037391763331244863,0.0011800854412854405
474,1,1,0.11431992000021887,0.11222444889779558,0.000553816522362236,0.001541654580061065
475,0,4,0.0944729509993015,0.09218436873747494,0.0009279205079761872,0.001360661753850371
476,0,3,0.08184005314297231,0.08016032064128256,0.0004585971957416484,0.0012211353059480923
477,1,1,0.15161949682990417,0.14829659318637273,0.0013408529229792041,0.00198205072055225
478,1,1,0.13508411559413397,0.13226452905811623,0.0010463692814238058,0.0017732172545939485
479,1,3,0.06532890743056366,0.06412825651302605,0.00016790264897223665,0.001032748268565383
480,1,1,0.20963778053800072,0.20440881763527052,0.0026526585435842054,0.002576304359145985
481,1,1,0.14369783187788154,0.1402805611222445,0.0015183321872782555,0.0018989385683587882
482,0,4,0.05723991393355307,0.05611222444889779,0.00019261993415258576,0.0009350695505026934
483,1,3,0.036835263862400165,0.03607214428857715,4.319678160993246e-05,0.0007199227922130842
484,1,1,0.13513028836668914,0.13226452905811623,0.001068556088309542,0.0017972032202633495
485,0,3,0.11443808329273131,0.11222444889779558,0.0006633897041470237,0.0015502446907887067
486,0,4,0.0003020539669756008,0.0,0.0,0.0003020539669756008
487,0,4,0.032792907938680976,0.03206412825651302,4.5834657127328214e-05,0.0006829450250406277
488,0,4,0.10238473204273979,0.1002004008016032,0.0007527026004902832,0.0014316286406463154
489,1,2,0.07339144407279181,0.0721442885771543,0.00013997058883748645,0.001107184906800041
490,0,4,0.07349051936526006,0.0721442885771543,0.00020752391651769836,0.0011387068715880745
491,0,4,0.1314632305730435,0.1282565130260521,0.0014311385997334105,0.0017755789472580054
492,1,2,0.09383288477251835,0.09218436873747494,0.0003307541899770656,0.0013177618450663422
493,0,4,0.11893794818345788,0.11623246492985971,0.0010654857437768822,0.0016399975098212814
494,0,4,0.0003020539669756008,0.0,0.0,0.0003020539669756008
495,1,2,0.04091050828968829,0.04008016032064128,6.149330702806022e-05,0.000768854662018951
496,1,1,0.11882320780235268,0.11623246492985971,0.0009647406503182716,0.0016260022221746928
497,1,1,0.16459659590963244,0.16032064128256512,0.0021535029134804717,0.00212245171358685
498,0,3,0.08603700578304568,0.08416833667334668,0.0005715238266808568,0.0012971452830181484
499,1,3,0.09422892267269735,0.09218436873747494,0.0006765150299198718,0.0013680389053025337
