,trust,group,nft,degree,betweenness,pagerank,A
0,1,1,4,0.11011011011011011,0.0,0.13812300360755864,0.18466031345310607
1,0,3,2,0.02702702702702703,3.0253796118859577e-05,0.048829990124059634,0.7869062326813836
2,0,3,3,0.056056056056056056,0.00032514343079918643,0.02750330731183734,0.5479869287961913
3,0,2,1,0.01901901901901902,0.00015796365440097352,0.02947220880319426,0.25862267675965955
4,0,3,0,0.007007007007007007,9.607374336833256e-06,0.006151618146986971,0.2896001224938405
5,1,3,0,0.02702702702702703,0.00018499429543740388,0.019673529760318356,0.20222228276929732
6,0,2,2,0.017017017017017015,0.00023213801325580442,0.00784910447003201,0.7866994762081854
7,1,1,3,0.01901901901901902,0.00012140524275906152,0.013020128549276455,0.22636588684892456
8,1,3,0,0.006006006006006006,0.0,0.004630047292709295,0.34398727952743025
9,0,2,3,0.04704704704704705,0.0006496033550141763,0.025747826656917806,0.49075378400293646
10,1,1,4,0.02702702702702703,0.00021443616967999077,0.010375755212338562,0.6011860619385677
11,1,2,4,0.003003003003003003,4.095611978043507e-06,0.0017051437128655085,0.06059289584338712
12,0,2,3,0.03803803803803804,0.0006947523118754474,0.013210180318345914,0.8875364157541696
13,1,3,2,0.015015015015015015,0.00028801465842213995,0.005780428325480979,0.02010231641792659
14,1,1,2,0.01901901901901902,0.0008787882869379204,0.01031060659495863,0.8370928488073845
15,0,3,4,0.05105105105105105,0.0016496817849523256,0.01750842077174579,0.8517799441006247
16,1,1,0,0.03003003003003003,0.00024116113238803065,0.0099132238550393,0.2820017612782916
17,0,1,1,0.002002002002002002,1.638244791217403e-05,0.000622404171610522,0.7946534392944481
18,1,2,0,0.002002002002002002,4.901599757979183e-06,0.001625687966549098,0.3960996444242495
19,0,2,1,0.014014014014014014,0.00027938170612407977,0.006205749240413816,0.7824092729654378
20,0,0,4,0.004004004004004004,3.121262306299046e-05,0.0010570491685481488,0.054862182983939745
21,0,1,3,0.008008008008008008,0.00033059111215423835,0.0027835331448765274,0.06876284320635162
22,1,3,1,0.0,0.0,0.00030059644004028436,0.1753589699826955
23,1,3,1,0.003003003003003003,8.050922379579694e-05,0.002391881899439056,0.6565520916668526
24,1,0,3,0.036036036036036036,0.0006192967671480255,0.010872818593249905,0.5353812187538115
25,0,3,0,0.003003003003003003,6.557994199944769e-05,0.0016946357543966301,0.2536050835542305
26,1,0,1,0.01901901901901902,0.00033231572699397237,0.0057021220818793805,0.8253665686488562
27,1,3,3,0.006006006006006006,0.0001082244569218517,0.0012948538765792425,0.9144277693541074
28,0,3,2,0.0,0.0,0.00030059644004028436,0.8572195420246587
29,1,0,2,0.003003003003003003,0.0,0.0013199515641237041,0.9538751949094312
30,0,2,0,0.011011011011011011,0.00017039656318213432,0.002192948189414361,0.5937942642897747
31,0,2,3,0.002002002002002002,0.0002052510569544638,0.0017200589465650104,0.8907937015519106
32,0,0,0,0.006006006006006006,4.017281906393464e-05,0.003908261214006401,0.9575441395574135
33,0,3,2,0.003003003003003003,1.1985933829621204e-05,0.0025837234351776452,0.7814692171921118
34,0,2,4,0.004004004004004004,5.416237881167741e-06,0.0010292778680152338,0.26986375494807857
35,1,3,0,0.017017017017017015,0.0008720274696671942,0.0051707724438826265,0.932472120060527
36,0,2,2,0.0,0.0,0.00030059644004028436,0.32130489262600725
37,1,2,1,0.015015015015015015,0.0005514584672901305,0.0034590489886359836,0.4161405025498479
38,0,3,3,0.016016016016016016,0.0006823373139338404,0.0031120740899190937,0.4077131839523591
39,1,2,2,0.01901901901901902,0.001958245820971273,0.008134976620505514,0.2206249332900434
40,1,0,1,0.009009009009009009,0.00014750292806405034,0.0021577160961812653,0.43473661393816365
41,1,1,0,0.012012012012012012,0.000986388144036775,0.00469772852035341,0.10096710255395958
42,1,2,4,0.014014014014014014,0.000229473676367464,0.0034667944443956783,0.733480957922983
43,1,1,2,0.014014014014014014,0.0003279235911166438,0.0038219754437245146,0.8821795168875652
44,1,3,2,0.006006006006006006,0.00010570698891785508,0.0016806257627099588,0.9604547000927618
45,1,0,1,0.004004004004004004,9.144080620366526e-05,0.000971868856477661,0.07929179594336755
46,0,2,4,0.03003003003003003,0.0011381878282345887,0.0068098416847947735,0.8252782239699091
47,0,3,4,0.002002002002002002,6.51954559770191e-06,0.0007195675555807454,0.2977427675228733
48,0,1,2,0.006006006006006006,5.673915159553102e-05,0.000899966677448179,0.018130366188156444
49,1,1,3,0.004004004004004004,3.405447627224514e-05,0.0012287716377374542,0.6553026291672654
50,1,0,0,0.0,0.0,0.00030059644004028436,0.030566777294827152
51,1,3,4,0.004004004004004004,0.0003934295016459345,0.002302338391035676,0.34325947635512943
52,0,2,3,0.003003003003003003,0.0,0.0005925986755359986,0.02262167973973861
53,1,3,0,0.014014014014014014,1.6344238121125223e-05,0.0028061306954497616,0.17710483871551452
54,1,3,4,0.004004004004004004,0.0001075725023620815,0.0007884723121512969,0.2708027996988198
55,0,2,1,0.006006006006006006,3.836501832493816e-06,0.0018491640738260392,0.22726526473284392
56,0,3,3,0.002002002002002002,2.0929413046981515e-05,0.0011243039936485576,0.6096799636988535
57,0,2,2,0.006006006006006006,0.0001078280303397204,0.001060091063048448,0.15052478532135416
58,0,2,2,0.013013013013013013,0.0020201755338695887,0.0031910540822072445,0.7592156363749349
59,1,1,4,0.003003003003003003,2.0561643808136795e-05,0.0008235185278212655,0.8054914522317378
60,0,3,1,0.013013013013013013,0.00015221586697872607,0.0039963511831045215,0.8230056324907299
61,1,2,4,0.02102102102102102,0.0002947479762220355,0.004480663202241886,0.07302223209881975
62,1,2,0,0.01901901901901902,0.0031612556913158123,0.005807429163781789,0.15077448097146218
63,0,2,1,0.014014014014014014,0.0003927242125861585,0.002972877912266292,0.761830835728314
64,0,2,3,0.007007007007007007,8.726161030770249e-05,0.0015228094007751652,0.0800680277391862
65,0,1,4,0.004004004004004004,9.054168205804811e-05,0.0011273526196878248,0.18176055977398553
66,0,3,3,0.002002002002002002,1.7084552822695777e-05,0.001944814129498863,0.8458004926036009
67,1,1,4,0.0,0.0,0.00030059644004028436,0.9539848820147331
68,0,1,1,0.014014014014014014,0.0006551785108899338,0.0036752219250795423,0.19286516540398002
69,0,2,1,0.022022022022022022,0.00044138202955838204,0.0033442839097636255,0.34507914199729794
70,1,0,3,0.001001001001001001,1.5045105225465946e-06,0.0003955619011274634,0.06683278133634074
71,0,3,4,0.0,0.0,0.00030059644004028436,0.10238246872137369
72,1,1,1,0.001001001001001001,3.4866434332032194e-06,0.00038584885709248753,0.13275877442311967
73,0,0,1,0.0,0.0,0.00030059644004028436,0.21500146182442892
74,0,2,3,0.009009009009009009,0.0010076248274867737,0.0024667472222833233,0.44902378343142946
75,0,1,4,0.006006006006006006,0.00015195078655332495,0.0018396746489841836,0.8912454795833928
76,1,2,1,0.008008008008008008,0.00026685001634901444,0.0013431968682789427,0.3978016451813561
77,1,3,3,0.013013013013013013,0.0001794260144293544,0.0026413327570649404,0.7130122498606399
78,1,0,3,0.004004004004004004,6.276435802153906e-05,0.0015000569165454633,0.5061030907388446
79,1,3,0,0.007007007007007007,0.0003059180079888163,0.002132399695384817,0.21025578466018546
80,1,0,3,0.005005005005005005,0.0,0.0008488263265175667,0.15259558576050836
81,1,0,1,0.006006006006006006,0.00010243209141004731,0.0014854052882413717,0.9277839827559046
82,1,2,2,0.0,0.0,0.00030059644004028436,0.5941319406587733
83,1,1,4,0.016016016016016016,0.00047650355766588247,0.002726615541986981,0.6253636099933089
84,0,2,2,0.002002002002002002,0.0,0.0004618698313280081,0.6259723352809888
85,1,0,2,0.005005005005005005,9.981591477917463e-05,0.0010392349212652078,0.9626017205496611
86,1,0,4,0.002002002002002002,1.2871923359565309e-05,0.0005241287397044582,0.38327652482816266
87,1,3,2,0.005005005005005005,0.00022821752948673455,0.0011551955978139213,0.32165752088452604
88,1,1,4,0.008008008008008008,0.0005406562047621944,0.0028307604409554235,0.8407419254028675
89,1,1,2,0.001001001001001001,9.801408432002957e-05,0.0008325975159691611,0.7490126387461198
90,1,2,2,0.0,0.0,0.00030059644004028436,0.7539075284342242
91,1,0,0,0.0,0.0,0.00030059644004028436,0.962848914999036
92,0,1,3,0.003003003003003003,0.0001347790676447991,0.0009278647806727183,0.9130823647272055
93,0,2,2,0.002002002002002002,1.604811224049701e-05,0.0005703466274780905,0.3822249699602066
94,1,0,2,0.0,0.0,0.00030059644004028436,0.21539383399184442
95,0,3,1,0.007007007007007007,0.0002906586963589858,0.00153927689686991,0.6280030163276784
96,1,3,3,0.004004004004004004,2.7490750603643052e-05,0.0009273046719780269,0.94095738729339
97,1,1,0,0.004004004004004004,0.00019762581552828717,0.0008593890931521348,0.5890904602598567
98,0,0,2,0.001001001001001001,1.8388461942236156e-06,0.00035174789027160624,0.8147032086796807
99,0,0,3,0.005005005005005005,0.0,0.001683954908966374,0.8429205858028863
100,1,1,3,0.005005005005005005,2.975587477925487e-05,0.001066344968425857,0.7662129073143402
101,1,2,3,0.004004004004004004,0.0001321294574467587,0.0009549775387440221,0.9288905855156347
102,0,2,2,0.004004004004004004,3.931787498921769e-05,0.0012668766923861847,0.34046289077458536
103,0,1,0,0.004004004004004004,1.4643902419453522e-05,0.001064338661961848,0.09750695547701038
104,0,2,0,0.005005005005005005,0.00021379094525387108,0.001116033061688659,0.3681330786500344
105,0,0,2,0.005005005005005005,1.9475052875186474e-05,0.001183803358806296,0.6200505000118448
106,0,0,2,0.002002002002002002,8.425258926260931e-05,0.0006447257608524146,0.042662151123722514
107,1,0,2,0.006006006006006006,0.0003214804651010395,0.0015958184562565965,0.7752619657101443
108,1,1,4,0.002002002002002002,1.90571332855902e-05,0.0005137274826707923,0.487420005978215
109,0,1,4,0.006006006006006006,0.000161166944734079,0.0025490729827435583,0.9193012163016336
110,1,2,1,0.0,0.0,0.00030059644004028436,0.5874119932336807
111,0,0,1,0.003003003003003003,4.0237298086329486e-05,0.0007064486989591602,0.28063117211735256
112,1,1,0,0.011011011011011011,0.000245956424981141,0.0024503621911230876,0.8706186846023697
113,1,0,4,0.004004004004004004,2.9337955189658594e-05,0.0010627935560097123,0.680176085072662
114,0,0,0,0.01001001001001001,0.00041172482722248894,0.0016452252103494442,0.46772450180422787
115,0,1,2,0.004004004004004004,0.00010206153604060528,0.0011301019673413523,0.38396987752338274
116,1,0,1,0.0,0.0,0.00030059644004028436,0.2301165288373147
117,1,1,3,0.0,0.0,0.00030059644004028436,0.8139708456338703
118,0,1,4,0.016016016016016016,0.00023932822029014411,0.0024686644152150743,0.8326824951479348
119,1,2,2,0.008008008008008008,0.002163991615116086,0.003218160491299556,0.021017350561655768
120,0,3,1,0.006006006006006006,0.00047283422366922696,0.0011876217127635414,0.600393534057966
121,1,3,4,0.003003003003003003,2.9884832824044578e-05,0.0005580366955352583,0.47534131058610796
122,0,0,1,0.003003003003003003,9.027063135279568e-06,0.0006783833791128024,0.9012037938183874
123,1,2,0,0.02002002002002002,0.002256558018081065,0.004543082822106765,0.48233405219164605
124,1,0,3,0.004004004004004004,0.000310430671152114,0.0011353039548909639,0.04181971259881423
125,0,2,2,0.002002002002002002,4.6639826198944436e-05,0.0008470911823792854,0.3557226635829379
126,1,0,0,0.002002002002002002,4.082238551176427e-05,0.0005109932467276389,0.6566050365183324
127,0,2,1,0.003003003003003003,0.0005726716314558666,0.0009452908892438453,0.07388987051872165
128,0,3,3,0.002002002002002002,6.68671343354042e-06,0.0006283330696793846,0.6210625331760111
129,1,2,2,0.002002002002002002,0.00010141356166740266,0.0006880281901487609,0.26414282903436526
130,1,0,2,0.0,0.0,0.00030059644004028436,0.4369152918502488
131,1,1,3,0.008008008008008008,0.0004736366292812518,0.0026595969511445535,0.45056327523522277
132,1,2,2,0.008008008008008008,0.0006226046640208298,0.002205392811969122,0.9694033303208097
133,0,3,4,0.002002002002002002,0.0003799724908609344,0.0009177373095175317,0.501261263418775
134,0,3,1,0.007007007007007007,5.374445922208114e-05,0.001262538855589773,0.06397588184763303
135,1,2,4,0.002002002002002002,5.570868129318363e-05,0.0004924143784077415,0.6343011786795748
136,1,1,0,0.005005005005005005,0.0003324132415648781,0.0013797618900183147,0.952290864522733
137,0,1,3,0.001001001001001001,1.8054126270559137e-05,0.0004709556139507292,0.6142644043164052
138,0,0,2,0.002002002002002002,0.00031754485662301293,0.0008427118795841509,0.3597404880648529
139,0,0,0,0.006006006006006006,0.0001229208978039973,0.0015850035328834437,0.6442208756448441
140,1,2,3,0.006006006006006006,9.268740063663245e-05,0.0011405370146374328,0.24889782311854325
141,1,1,0,0.003003003003003003,0.00010131206690992929,0.0007631126418144076,0.278240758610924
142,0,0,1,0.011011011011011011,0.0006270895382451827,0.0025675410095789388,0.7949936757470504
143,1,0,4,0.0,0.0,0.00030059644004028436,0.7363862208654318
144,0,1,2,0.004004004004004004,5.656243131193031e-05,0.0006028451023191936,0.731722784378825
145,0,3,0,0.001001001001001001,4.3563178165716585e-05,0.0006922395685033291,0.750318118587348
146,0,1,4,0.006006006006006006,0.00033959870855885106,0.0015325066846497357,0.2886487136406888
147,1,2,0,0.003003003003003003,0.000269808887043356,0.0012076648585177458,0.34356054730365293
148,1,0,1,0.0,0.0,0.00030059644004028436,0.2486080354402509
149,1,2,3,0.006006006006006006,0.0004446425622110324,0.0013292702868372254,0.47527233543730685
150,0,1,1,0.003003003003003003,0.0003340347695725117,0.0008782968773250531,0.9725791161438679
151,0,1,2,0.02002002002002002,0.0013600862687925706,0.003757943732783411,0.5553200104921616
152,0,1,4,0.001001001001001001,1.6883951419689564e-05,0.00045565880387291773,0.6764312468411281
153,1,2,3,0.002002002002002002,3.510524552608721e-05,0.0008846009110317129,0.6293025758752593
154,0,1,1,0.008008008008008008,0.000389239667796782,0.0015531977456413508,0.13772168444922495
155,0,3,0,0.001001001001001001,2.490800753993807e-05,0.00042847506561858906,0.8721025342304572
156,1,3,0,0.005005005005005005,6.873941409679553e-05,0.0009362545205671463,0.5995148530969189
157,0,2,2,0.004004004004004004,0.0002577656385271616,0.001043602541343085,0.1663856652920629
158,0,0,4,0.006006006006006006,4.7843434616981716e-05,0.0017595763626032958,0.1937278052786935
159,1,3,3,0.0,0.0,0.00030059644004028436,0.9431889237287642
160,1,0,1,0.005005005005005005,3.4120149350610274e-05,0.0018732633392297092,0.6927621852236542
161,1,2,3,0.001001001001001001,8.42525892626093e-06,0.00038584885709248753,0.811485131767149
162,0,1,2,0.008008008008008008,0.00013371755188722458,0.0013126369042362374,0.29942483423497446
163,1,2,2,0.003003003003003003,0.0,0.0005544613451288312,0.5360156367624211
164,0,1,3,0.003003003003003003,4.597115485559039e-06,0.0009292085747607817,0.3233176277809775
165,1,3,1,0.003003003003003003,0.00015931094755410055,0.0010095730294950368,0.16522224758941362
166,1,0,0,0.002002002002002002,0.00013258359673412,0.0006863474840367232,0.12349608411111035
167,0,0,1,0.003003003003003003,3.149680838391593e-05,0.0005793497997983092,0.22139934367748226
168,0,2,3,0.0,0.0,0.00030059644004028436,0.4947483196128053
169,0,2,2,0.003003003003003003,3.759843439202156e-05,0.0008597568012113511,0.18459756484349787
170,1,1,1,0.009009009009009009,0.00023836461712213215,0.0019705025438822733,0.9631341181530721
171,1,0,2,0.002002002002002002,3.34335671677021e-05,0.0009102528786988848,0.15030857051986657
172,0,0,1,0.001001001001001001,2.1063147315652327e-05,0.0007678830148617278,0.9893598244883289
173,1,1,2,0.005005005005005005,0.00018640049535173118,0.0013780749474155915,0.3282290684237029
174,0,2,0,0.007007007007007007,0.00021060918411174484,0.001014527781425469,0.32120698492341604
175,1,2,4,0.001001001001001001,3.009021045093189e-06,0.00042847506561858906,0.9961757778089495
176,0,2,0,0.002002002002002002,0.0003809754978759655,0.0009495410299196218,0.3768056522883705
177,1,2,3,0.0,0.0,0.00030059644004028436,0.6960407836555528
178,0,1,2,0.006006006006006006,4.0640889004282465e-05,0.0010712234919204593,0.15889954326778555
179,0,1,3,0.006006006006006006,0.00019374194947563905,0.0014785884884903956,0.7242512591427374
180,1,2,4,0.0,0.0,0.00030059644004028436,0.11205968127361154
181,0,0,1,0.003003003003003003,2.4815667211570128e-05,0.0005524166020271208,0.4255651011553282
182,0,2,4,0.002002002002002002,7.221650508223655e-06,0.00047110127414469065,0.7339541769771372
183,1,0,2,0.002002002002002002,9.752571542818704e-05,0.0005517071602461153,0.5164142745599356
184,1,3,2,0.002002002002002002,5.763946979711843e-05,0.0004907844545192629,0.9271642076154221
185,0,1,2,0.001001001001001001,1.2871923359565309e-05,0.00039886636991244253,0.8414325906928587
186,1,0,2,0.003003003003003003,1.2738189090894504e-05,0.0008636271381141784,0.5898471780123734
187,0,2,1,0.004004004004004004,0.00010949612653019467,0.000636191240390925,0.8007066914873122
188,1,0,1,0.004004004004004004,0.00013477070925300717,0.0009711641192791552,0.25284919182452514
189,0,0,0,0.006006006006006006,0.000337547682237061,0.0013385898577662131,0.6778461774559085
190,1,0,3,0.002002002002002002,4.789358496773326e-05,0.0007882328636703224,0.5981252685808711
191,1,3,3,0.003003003003003003,0.00036066460582158643,0.0016253191066554994,0.9463393435493053
192,0,2,2,0.002002002002002002,2.0060140300621264e-05,0.0006415478441715123,0.6123278583194384
193,1,3,1,0.004004004004004004,7.342011350027382e-05,0.0009763578373983659,0.029739171597939595
194,0,1,1,0.003003003003003003,6.822397993629343e-05,0.0006270429277735259,0.0677991311563454
195,0,2,3,0.002002002002002002,6.371721468581856e-05,0.0007328150148629652,0.6515308128249304
196,1,0,1,0.001001001001001001,2.6746853734161682e-06,0.00038584885709248753,0.8012425457999311
197,1,3,3,0.0,0.0,0.00030059644004028436,0.40952389548479584
198,1,2,2,0.006006006006006006,0.0007590088418411732,0.00121558126291768,0.8097533167200152
199,0,0,1,0.003003003003003003,0.0002755618487081413,0.0008259389856709598,0.3572222495447017
200,0,1,3,0.0,0.0,0.00030059644004028436,0.7731318594956605
201,0,1,0,0.002002002002002002,0.0,0.000479626515849911,0.09366048076587374
202,0,0,3,0.007007007007007007,0.0004093438796177607,0.0013778114316140727,0.8634580373557131
203,1,2,0,0.005005005005005005,3.711125955614934e-05,0.0009528775799458155,0.7541461176749902
204,1,1,4,0.011011011011011011,8.412721338573042e-05,0.0017182200646520857,0.20384816880371592
205,0,0,1,0.004004004004004004,6.945823579090113e-05,0.0009503139268456882,0.42912420136933926
206,0,0,4,0.0,0.0,0.00030059644004028436,0.982718962206932
207,0,2,3,0.003003003003003003,1.5078538792633647e-05,0.0005585432559376105,0.5550681525447352
208,1,2,2,0.002002002002002002,1.7084552822695774e-05,0.00051959811666207,0.5923514200228797
209,1,3,4,0.002002002002002002,7.5225526127329734e-06,0.0006011493314250558,0.6445609416560606
210,1,3,3,0.0,0.0,0.00030059644004028436,0.04146242133782729
211,1,1,1,0.002002002002002002,5.384475992358424e-05,0.000440097918399164,0.24574050732899466
212,0,3,1,0.0,0.0,0.00030059644004028436,0.7216520109093326
213,1,3,4,0.0,0.0,0.00030059644004028436,0.6085165581513466
214,1,1,3,0.001001001001001001,9.879619098055972e-05,0.0005116795679411883,0.6566505939102876
215,0,2,4,0.001001001001001001,9.027063135279568e-06,0.0003371331902055143,0.19348107878465504
216,1,3,4,0.0,0.0,0.00030059644004028436,0.8155146096723678
217,1,2,3,0.004004004004004004,9.392603469646443e-05,0.0007563818919895957,0.6127122559692649
218,1,1,1,0.0,0.0,0.00030059644004028436,0.056539431543525365
219,0,3,0,0.007007007007007007,0.00032288315521448454,0.0018441217858957185,0.21703651925650214
220,1,2,0,0.001001001001001001,5.015035075155316e-07,0.00036453575282943673,0.29054842304791484
221,1,0,0,0.005005005005005005,7.170067290307771e-05,0.001108647231024639,0.7135756572011618
222,1,0,3,0.001001001001001001,7.188216941055952e-06,0.00043310651060179657,0.04030364577317025
223,1,1,4,0.002002002002002002,4.2209878549223905e-05,0.0005639763734483793,0.06616793063962523
224,0,0,1,0.004004004004004004,0.00018229652498189574,0.0008227700439736806,0.15769800956745772
225,0,2,0,0.001001001001001001,4.346363731801273e-06,0.00036453575282943673,0.5415998271245289
226,0,1,0,0.002002002002002002,4.3296469482174233e-05,0.0005285441530687027,0.44565166325639227
227,1,0,2,0.0,0.0,0.00030059644004028436,0.02553551452431857
228,0,2,0,0.005005005005005005,0.00015315081280345137,0.0011318075062992652,0.5564781425230895
229,0,1,2,0.0,0.0,0.00030059644004028436,0.7263824706970007
230,1,0,4,0.002002002002002002,0.0001915819384089257,0.0007866860370265177,0.8238660601349075
231,0,2,3,0.0,0.0,0.00030059644004028436,0.3744881387182043
232,1,1,2,0.0,0.0,0.00030059644004028436,0.5315815449863778
233,0,3,0,0.002002002002002002,3.823128405626736e-05,0.0005808842522826423,0.4508959215446041
234,1,0,4,0.003003003003003003,3.888171890843901e-05,0.0006415039625979251,0.673520276570545
235,1,0,1,0.002002002002002002,0.00010165476097339824,0.0006043399435185543,0.5850566607139187
236,0,0,3,0.001001001001001001,2.0060140300621263e-06,0.00042209384143159233,0.16971446763575293
237,1,1,3,0.003003003003003003,4.312930164633572e-05,0.0005137274826707923,0.1161772712019492
238,1,2,1,0.002002002002002002,0.00010080936934644347,0.0006273003462735651,0.47123144677071915
239,1,1,1,0.001001001001001001,2.0060140300621263e-06,0.00035174789027160624,0.9872058250325317
240,1,1,1,0.001001001001001001,3.3444711690091334e-05,0.00041846934299768183,0.05999874061064159
241,0,0,2,0.003003003003003003,0.0001911062699305852,0.0008782968773250531,0.28369142623913857
242,1,0,1,0.002002002002002002,4.012028060124253e-05,0.0008121109423535032,0.9978006787032979
243,1,1,1,0.001001001001001001,8.358391791925525e-07,0.00042209384143159233,0.042585920479039974
244,1,3,3,0.002002002002002002,7.021049105217442e-06,0.0006075051414282158,0.09789103772346541
245,1,1,3,0.002002002002002002,7.606136530652228e-05,0.0005195356307083428,0.24096213690422774
246,0,1,4,0.0,0.0,0.00030059644004028436,0.24968962181448684
247,0,1,4,0.005005005005005005,0.00016190204900959744,0.0007908863238499837,0.9606143372826459
248,0,3,0,0.002002002002002002,7.061169385818685e-05,0.0005554550055014851,0.4811962868100874
249,0,2,4,0.001001001001001001,2.3403497017391477e-06,0.00034322264856638594,0.1944441294043835
250,0,1,2,0.002002002002002002,8.625860329267143e-05,0.0006842323167751984,0.6919793637062056
251,0,3,1,0.001001001001001001,1.0030070150310632e-05,0.00037708859864731654,0.24376227519102456
252,1,3,2,0.004004004004004004,6.059834049146006e-05,0.0008897507778921324,0.3973215238198994
253,1,0,2,0.004004004004004004,4.544099400478826e-05,0.0006716303038033268,0.14512343583485465
254,0,0,1,0.001001001001001001,1.2621171605807543e-05,0.0003857321730339476,0.1881157993308612
255,0,0,4,0.001001001001001001,3.0090210450931894e-05,0.0005563536911968939,0.20427066784270087
256,0,3,1,0.003003003003003003,3.241384336908719e-05,0.0005678361546066226,0.5010849266147904
257,0,1,3,0.001001001001001001,6.068192440937932e-05,0.0005045895327307092,0.7400190001976533
258,0,1,3,0.004004004004004004,0.000298645338725499,0.0011887581892481593,0.8468052882917378
259,0,2,1,0.002002002002002002,5.112947664717871e-05,0.00044978816988163985,0.24897991709626255
260,1,3,1,0.004004004004004004,1.669290246444555e-05,0.0010511848169423702,0.10617951540908821
261,1,2,2,0.001001001001001001,5.015035075155316e-06,0.0005563536911968939,0.8185730325390391
262,1,3,0,0.011011011011011011,0.0006563009235019923,0.0020159402602059153,0.36326401508178774
263,1,3,3,0.0,0.0,0.00030059644004028436,0.006894370579165976
264,0,0,0,0.006006006006006006,0.00027051859049187043,0.0011825873839992629,0.0481186703917994
265,1,1,2,0.0,0.0,0.00030059644004028436,0.7050813759226195
266,1,1,3,0.005005005005005005,4.113088615426624e-05,0.000963662654804861,0.8481219741442851
267,0,0,4,0.003003003003003003,2.240049000236041e-05,0.0007816863487254734,0.8665740419026913
268,1,2,3,0.001001001001001001,2.611161595797534e-05,0.00034322264856638594,0.38590479036621594
269,0,1,1,0.006006006006006006,0.00035601972809721637,0.0010405320489288593,0.03079056201423025
270,0,3,4,0.0,0.0,0.00030059644004028436,0.39875637272831665
271,1,3,1,0.003003003003003003,0.0,0.0007683467971543784,0.7273351745510381
272,0,0,4,0.005005005005005005,0.000371029011643574,0.0013684801738082068,0.8555527718143648
273,1,2,1,0.002002002002002002,7.63957009781993e-05,0.0005883614688672253,0.2942050147873405
274,1,1,0,0.002002002002002002,5.2450102550302954e-05,0.0005895101189458529,0.9645663931140969
275,1,0,4,0.002002002002002002,4.0120280601242526e-06,0.00048784540343769996,0.7367147706201893
276,1,2,4,0.003003003003003003,0.00014580378641834888,0.0007751851710867733,0.9127912159430948
277,1,2,4,0.001001001001001001,1.7051119255528074e-05,0.00038584885709248753,0.41096002595973535
278,1,2,3,0.003003003003003003,9.752571542818704e-05,0.00067176163422733,0.6239122961650643
279,0,1,4,0.0,0.0,0.00030059644004028436,0.6400547040783047
280,0,1,0,0.001001001001001001,0.00014855966759774373,0.0006028868136658674,0.674088303820098
281,1,3,2,0.0,0.0,0.00030059644004028436,0.2642029958677925
282,0,3,0,0.001001001001001001,2.8084196420869767e-05,0.00036453575282943673,0.7846536440774249
283,1,0,4,0.005005005005005005,0.00012540453422216948,0.0007446911045312637,0.9544530197904348
284,1,3,3,0.007007007007007007,0.0007659749643717581,0.0011971113200348795,0.8266700778834754
285,1,2,2,0.0,0.0,0.00030059644004028436,0.17307474935258116
286,0,2,3,0.001001001001001001,2.5409511047453598e-06,0.00035174789027160624,0.23642985710849584
287,1,0,1,0.0,0.0,0.00030059644004028436,0.2329714817970242
288,1,0,2,0.002002002002002002,0.0005579226521110289,0.0006755572198466405,0.36825615469448203
289,1,1,4,0.005005005005005005,0.0003575112125546327,0.0012359032605962215,0.7952219685244996
290,0,3,3,0.002002002002002002,0.0,0.0005318499748403447,0.14390584164017584
291,1,0,1,0.001001001001001001,1.638244791217403e-05,0.00042847506561858906,0.48873733807201203
292,0,2,4,0.003003003003003003,0.00012778309371495744,0.0007108800506499713,0.28376112828644706
293,1,2,0,0.007007007007007007,0.00021625070055263776,0.0010120593258011055,0.34201287916305356
294,0,0,4,0.003003003003003003,1.83048780243169e-05,0.0008351203218624895,0.7473483318151133
295,1,3,3,0.0,0.0,0.00030059644004028436,0.69218425104006
296,0,3,3,0.0,0.0,0.00030059644004028436,0.5677368093515518
297,0,2,1,0.002002002002002002,6.344019370071474e-05,0.0005020955482262237,0.7819252792768993
298,0,0,1,0.001001001001001001,9.628867344298205e-05,0.0005647427062911883,0.024619486232674848
299,0,1,2,0.0,0.0,0.00030059644004028436,0.6750237967476574
300,1,2,2,0.003003003003003003,0.0002338009352037408,0.0009728983757931594,0.10888584140402446
301,1,0,4,0.002002002002002002,4.435201495989739e-05,0.00040107250299466663,0.28119619400165585
302,1,3,4,0.003003003003003003,4.794373531848482e-05,0.000717720575361217,0.032406443577747246
303,1,0,3,0.0,0.0,0.00030059644004028436,0.19559752897995764
304,1,3,2,0.0,0.0,0.00030059644004028436,0.7429618241261695
305,1,1,1,0.001001001001001001,2.067866129322375e-05,0.00034322264856638594,0.61583969583285
306,1,3,0,0.002002002002002002,4.697416187062146e-05,0.00047110127414469065,0.808900033902931
307,0,1,4,0.003003003003003003,0.00024475042845116323,0.0007163650897390858,0.7271487201667031
308,0,1,3,0.001001001001001001,2.1681668308254814e-05,0.00041890322933809396,0.16118373341755565
309,0,1,0,0.0,0.0,0.00030059644004028436,0.04392839574610197
310,1,2,2,0.003003003003003003,5.0819022094907205e-05,0.0006048505337142732,0.3888970885590186
311,1,1,1,0.002002002002002002,5.934458172267124e-05,0.000479626515849911,0.7746671661368243
312,0,2,0,0.0,0.0,0.00030059644004028436,0.8660665713424005
313,0,1,0,0.001001001001001001,3.009021045093189e-06,0.0003784831761661266,0.042722749735672694
314,0,2,1,0.003003003003003003,6.740207141008743e-05,0.0008224757843386789,0.6504335227331421
315,0,0,0,0.0,0.0,0.00030059644004028436,0.21727980492086596
316,1,2,1,0.002002002002002002,6.82044770221123e-05,0.0006363844225690496,0.08055240614467629
317,0,0,4,0.004004004004004004,0.00016248713643503222,0.0009321534019185024,0.7672436064519013
318,0,1,3,0.002002002002002002,2.6028032040056086e-05,0.00041362534881254643,0.14202359361770045
319,1,0,2,0.001001001001001001,2.5275776778782794e-05,0.00039171949108376535,0.13290204278324225
320,0,1,2,0.0,0.0,0.00030059644004028436,0.7020017706622288
321,0,3,2,0.0,0.0,0.00030059644004028436,0.48721320214378694
322,0,1,1,0.001001001001001001,3.1678304891397743e-05,0.00039886636991244253,0.6332297475450082
323,1,1,3,0.0,0.0,0.00030059644004028436,0.001735139776335659
324,0,0,4,0.004004004004004004,3.844860224285741e-05,0.0008209533640686857,0.15524110169409822
325,0,2,3,0.0,0.0,0.00030059644004028436,0.9843707785869967
326,0,3,3,0.002002002002002002,0.00014156249961193182,0.0006187456943887473,0.2616901909862751
327,1,3,1,0.001001001001001001,1.3874930374596374e-05,0.00038584885709248753,0.43677834714597674
328,0,1,2,0.0,0.0,0.00030059644004028436,0.3429990357463941
329,0,1,0,0.004004004004004004,0.00011521207245990146,0.000626163637977324,0.7948517306643982
330,0,3,4,0.002002002002002002,7.221650508223655e-05,0.0008121109423535032,0.7296095819297693
331,0,0,4,0.0,0.0,0.00030059644004028436,0.5699119670462883
332,1,1,1,0.001001001001001001,4.0120280601242526e-06,0.0005190875264663511,0.5207463762913987
333,0,3,3,0.001001001001001001,7.021049105217442e-06,0.00042847506561858906,0.26413824649249074
334,1,1,0,0.001001001001001001,1.90571332855902e-05,0.00042847506561858906,0.5283538329725496
335,0,2,4,0.008008008008008008,5.533255366254698e-05,0.0013325845727123547,0.41718300375060635
336,0,2,4,0.001001001001001001,3.510524552608721e-05,0.0005563536911968939,0.5884356192415366
337,1,0,2,0.002002002002002002,4.9481679408199116e-05,0.000479626515849911,0.8089808345002039
338,0,1,1,0.0,0.0,0.00030059644004028436,0.08099762434229352
339,0,3,2,0.001001001001001001,4.597115485559039e-06,0.00042847506561858906,0.7839778037898711
340,1,2,3,0.003003003003003003,6.600064771964126e-05,0.0008288969887289086,0.16961488795479673
341,1,1,2,0.001001001001001001,8.637004851656376e-06,0.0004998280657171637,0.7938390985749793
342,1,1,1,0.004004004004004004,0.0001830475861871987,0.0007866154894510501,0.6422114393760006
343,1,0,2,0.001001001001001001,4.074715998563694e-05,0.0005045895327307092,0.48185332722832763
344,1,2,0,0.0,0.0,0.00030059644004028436,0.7642027891113541
345,1,3,4,0.001001001001001001,9.277814889037334e-06,0.00036453575282943673,0.37394472143549684
346,0,0,1,0.001001001001001001,6.252077060360293e-05,0.0003553043100127542,0.5264309108840503
347,0,0,3,0.004004004004004004,0.00017753224166049817,0.0010510492972409596,0.5015911393973322
348,1,2,0,0.0,0.0,0.00030059644004028436,0.514370197543269
349,0,2,1,0.0,0.0,0.00030059644004028436,0.29060103363481293
350,0,1,0,0.0,0.0,0.00030059644004028436,0.10131270810932991
351,0,0,2,0.0,0.0,0.00030059644004028436,0.007075725685748657
352,1,3,0,0.001001001001001001,0.0,0.0006107211677055511,0.2209182835914093
353,1,0,0,0.002002002002002002,2.767821739097624e-06,0.0005310799042684748,0.21354854802111745
354,0,1,4,0.003003003003003003,1.9725804628944238e-05,0.0008513183769413531,0.6631857325173135
355,1,2,1,0.0,0.0,0.00030059644004028436,0.0758740197543476
356,1,0,2,0.0,0.0,0.00030059644004028436,0.7784894851115591
357,0,1,0,0.001001001001001001,3.4436574182733166e-05,0.00042847506561858906,0.07082795390075547
358,1,2,0,0.003003003003003003,9.173613604697997e-05,0.0006433416536107454,0.09897355496970206
359,1,2,0,0.001001001001001001,2.1263748718658537e-05,0.0003662458840072482,0.9611616755425454
360,0,1,4,0.0,0.0,0.00030059644004028436,0.44313302822743983
361,0,2,2,0.003003003003003003,7.470730583623035e-05,0.0005563536911968939,0.6216198963179403
362,1,0,0,0.0,0.0,0.00030059644004028436,0.23861412771051305
363,0,0,4,0.009009009009009009,0.00037990128170488894,0.001143846721327609,0.5419085740240028
364,1,0,4,0.006006006006006006,7.781662758282664e-05,0.0009115658249164477,0.1783723659341666
365,1,1,1,0.002002002002002002,6.084909224521783e-06,0.00047110127414469065,0.22571002168699195
366,0,0,0,0.002002002002002002,0.00010510080650361211,0.00046925067300008204,0.23624931133953075
367,1,3,4,0.003003003003003003,0.00010824117370543556,0.0007244203823068148,0.3180074623850625
368,1,3,0,0.0,0.0,0.00030059644004028436,0.0603792993501292
369,0,1,4,0.001001001001001001,2.0561643808136795e-05,0.00036453575282943673,0.1737166996312518
370,1,1,2,0.004004004004004004,3.844860224285741e-05,0.000862644453580631,0.9257702788712066
371,1,3,2,0.002002002002002002,2.8771972659748215e-05,0.0006011493314250558,0.4661960316474787
372,1,0,2,0.0,0.0,0.00030059644004028436,0.21407912622002823
373,1,0,2,0.0,0.0,0.00030059644004028436,0.4863319112883744
374,1,2,0,0.0,0.0,0.00030059644004028436,0.2585864535025525
375,0,2,1,0.003003003003003003,7.902023600086392e-05,0.0005097820418281441,0.03843956642714097
376,1,1,3,0.001001001001001001,5.2657868289130816e-05,0.00042209384143159233,0.3743941554499375
377,0,0,2,0.003003003003003003,2.1397482987329346e-05,0.000641606108249097,0.8801742763043289
378,0,3,2,0.002002002002002002,3.513867909325491e-05,0.00046501181578381895,0.28325683623005415
379,1,2,0,0.0,0.0,0.00030059644004028436,0.009455823100642746
380,0,0,4,0.002002002002002002,3.209622448099402e-05,0.00054954278990184,0.49502237709099983
381,0,2,0,0.001001001001001001,1.078232541158393e-05,0.00042847506561858906,0.9797788718915416
382,0,2,1,0.005005005005005005,0.00020992220391017987,0.0009741580037563439,0.5925386122308233
383,1,2,1,0.0,0.0,0.00030059644004028436,0.2503668685139273
384,0,2,0,0.001001001001001001,1.8388461942236156e-05,0.00036290582894095815,0.6065081345455348
385,1,1,0,0.002002002002002002,7.689720448571485e-06,0.000708586293443738,0.15203728065112654
386,0,3,0,0.0,0.0,0.00030059644004028436,0.7157787525927116
387,1,1,1,0.0,0.0,0.00030059644004028436,0.5983532087246783
388,1,1,4,0.0,0.0,0.00030059644004028436,0.09367801213528193
389,0,3,2,0.001001001001001001,2.958870694341636e-05,0.00042847506561858906,0.4027672042620216
390,0,3,0,0.0,0.0,0.00030059644004028436,0.561824979450989
391,1,1,4,0.002002002002002002,1.3239692598410034e-05,0.000479626515849911,0.3674312866135756
392,1,1,1,0.003003003003003003,2.7582692913354235e-05,0.0007176270824846176,0.6153877362010568
393,1,0,0,0.009009009009009009,0.0006412056679257746,0.0016142428729424617,0.09851679841599992
394,1,2,2,0.0,0.0,0.00030059644004028436,0.039210366176232414
395,0,1,2,0.002002002002002002,0.0,0.0006746604804947034,0.2566898193738131
396,0,3,4,0.001001001001001001,9.252739713661558e-05,0.00036442054315129316,0.10076517764714787
397,0,1,4,0.006006006006006006,0.000234107011550788,0.0011367469406564714,0.7191161864463618
398,0,2,3,0.006006006006006006,0.0003202996522969803,0.001025241984984011,0.7596735945152073
399,0,3,1,0.002002002002002002,0.0001804158868287125,0.0006112586026304691,0.16628063862154197
400,0,1,0,0.001001001001001001,1.952520322593803e-05,0.0004916902447874176,0.7406377403866404
401,1,3,4,0.002002002002002002,5.0150350751553154e-05,0.0006842323167751984,0.8386323202921577
402,1,1,3,0.001001001001001001,8.024056120248505e-06,0.0005563536911968939,0.9978585169497544
403,1,1,0,0.001001001001001001,0.0,0.0004828425421272463,0.005766721176313938
404,1,0,4,0.0,0.0,0.00030059644004028436,0.6105568557326618
405,1,3,3,0.0,0.0,0.00030059644004028436,0.3115878274440723
406,0,0,2,0.002002002002002002,7.436580582873167e-05,0.0006011493314250558,0.06022544927637885
407,0,3,2,0.006006006006006006,0.00012637888389391397,0.0009570400513422485,0.4678827337257855
408,1,0,0,0.0,0.0,0.00030059644004028436,0.017490091301265553
409,1,2,2,0.0,0.0,0.00030059644004028436,0.4748711648503723
410,1,1,2,0.001001001001001001,1.1701748508695734e-06,0.0004116197543009457,0.778563843551218
411,1,2,3,0.0,0.0,0.00030059644004028436,0.48748511016105156
412,0,2,1,0.001001001001001001,9.194230971118078e-06,0.00038584885709248753,0.22664295568473025
413,1,2,0,0.001001001001001001,9.426594262933608e-05,0.000569812842457084,0.5252001932938078
414,1,3,1,0.0,0.0,0.00030059644004028436,0.9206481719972185
415,1,2,4,0.0,0.0,0.00030059644004028436,0.6749801937418403
416,1,2,4,0.002002002002002002,0.00010737190095907532,0.00044153276437749946,0.4309851121722402
417,1,0,1,0.003003003003003003,8.021668008307955e-05,0.000752036832160549,0.606313446793598
418,1,2,1,0.001001001001001001,5.265786828913081e-06,0.00037924134470930764,0.10752480892587035
419,0,1,0,0.0,0.0,0.00030059644004028436,0.6281328330665037
420,1,2,0,0.003003003003003003,6.0118329991409485e-05,0.000535040586933843,0.4402591655928262
421,1,0,1,0.001001001001001001,3.510524552608721e-05,0.0005563536911968939,0.8403053107880029
422,1,2,2,0.0,0.0,0.00030059644004028436,0.2251540258104997
423,1,2,2,0.001001001001001001,2.340349701739147e-06,0.0003371331902055143,0.30910816205592495
424,0,3,4,0.003003003003003003,2.190853894260708e-05,0.0005517847162268524,0.5321544230913259
425,1,2,2,0.001001001001001001,1.1033077165341695e-05,0.0003626213855733377,0.684568315462116
426,0,2,3,0.0,0.0,0.00030059644004028436,0.11435683407817787
427,1,2,0,0.001001001001001001,2.415575227866477e-05,0.00042847506561858906,0.6229137337316941
428,0,0,4,0.0,0.0,0.00030059644004028436,0.909730043114911
429,0,3,4,0.001001001001001001,2.5075175375776577e-05,0.0005563536911968939,0.8016464883441563
430,1,0,4,0.002002002002002002,6.954181970882038e-05,0.0006741959126121686,0.2506216661238756
431,1,2,0,0.001001001001001001,1.3874930374596374e-05,0.00035174789027160624,0.9514836171758241
432,0,3,1,0.001001001001001001,4.2126294631304654e-05,0.0005563536911968939,0.0841910908947735
433,1,2,2,0.0,0.0,0.00030059644004028436,0.21409698854163728
434,1,3,0,0.004004004004004004,0.00015309230406090793,0.0007417904053773543,0.842978069665189
435,1,1,0,0.003003003003003003,7.856888284409996e-06,0.0005137274826707923,0.0028723979727196536
436,1,3,4,0.0,0.0,0.00030059644004028436,0.913264176367972
437,0,1,0,0.0,0.0,0.00030059644004028436,0.6469925432870414
438,0,0,3,0.0,0.0,0.00030059644004028436,0.46237272857541334
439,0,2,4,0.004004004004004004,1.8388461942236156e-05,0.0008597568012113511,0.6927921330251465
440,1,1,4,0.002002002002002002,0.0003090933284654059,0.0006333981532041532,0.8384209344693448
441,0,2,0,0.0,0.0,0.00030059644004028436,0.7274024981401114
442,0,0,3,0.004004004004004004,6.462230911128707e-05,0.0009305563177744566,0.25482511784094664
443,0,0,3,0.002002002002002002,0.00010138172017486202,0.0007860706421063989,0.9648850179403208
444,0,3,2,0.001001001001001001,2.306916134571445e-05,0.00035174789027160624,0.2060190730730047
445,0,1,3,0.001001001001001001,1.1200245001180205e-05,0.00035174789027160624,0.005356753378526702
446,0,2,4,0.004004004004004004,0.00032401425186996327,0.0008068888052679905,0.7430136840269587
447,0,2,3,0.0,0.0,0.00030059644004028436,0.050400354626528365
448,0,2,2,0.002002002002002002,2.7582692913354238e-06,0.0004905637772631328,0.2450634666567103
449,1,3,3,0.0,0.0,0.00030059644004028436,0.8242630051038218
450,1,1,3,0.0,0.0,0.00030059644004028436,0.42753523456985376
451,1,1,0,0.0,0.0,0.00030059644004028436,0.14533002234887693
452,1,0,1,0.0,0.0,0.00030059644004028436,0.8132059430728045
453,1,0,2,0.002002002002002002,0.00010180217261045585,0.00045263838851132565,0.8866468295672172
454,1,2,3,0.003003003003003003,0.0001514122673107309,0.000667504976503482,0.8247219541518129
455,1,1,0,0.006006006006006006,0.00034187732918527846,0.001040355843696196,0.8263299725799432
456,0,2,4,0.001001001001001001,6.018042090186378e-06,0.00038584885709248753,0.03439446543090041
457,0,3,3,0.001001001001001001,0.0001175189885944729,0.00043649959230178533,0.717382226638589
458,1,1,0,0.001001001001001001,6.160134750649113e-05,0.0003662458840072482,0.10985375532640274
459,0,0,0,0.0,0.0,0.00030059644004028436,0.019068749052285283
460,1,1,1,0.0,0.0,0.00030059644004028436,0.4726555785901112
461,1,2,1,0.001001001001001001,2.0060140300621264e-05,0.00042847506561858906,0.6570064389434601
462,1,2,4,0.002002002002002002,0.0001326476777378581,0.00047098459008615076,0.971154890993282
463,1,0,2,0.001001001001001001,6.001325306602527e-05,0.00043609774787007455,0.7026182204878885
464,1,2,2,0.0,0.0,0.00030059644004028436,0.11395177720123473
465,0,1,4,0.0,0.0,0.00030059644004028436,0.6619858660614178
466,0,2,2,0.0,0.0,0.00030059644004028436,0.27797096035282864
467,1,2,2,0.001001001001001001,1.4042098210434884e-05,0.0005563536911968939,0.4153280149867703
468,0,1,0,0.0,0.0,0.00030059644004028436,0.9283535069638335
469,1,2,1,0.001001001001001001,1.0030070150310631e-06,0.0003371331902055143,0.5443709842453731
470,0,2,4,0.0,0.0,0.00030059644004028436,0.05040516067025891
471,0,0,2,0.0,0.0,0.00030059644004028436,0.12043787356539781
472,1,1,3,0.0,0.0,0.00030059644004028436,0.4579750969063633
473,0,0,1,0.002002002002002002,3.961877709372699e-05,0.00044978816988163985,0.4220463755999124
474,0,1,3,0.0,0.0,0.00030059644004028436,0.6988830315924895
475,1,3,0,0.002002002002002002,5.1420826303925835e-05,0.0005137274826707923,0.5737005644561207
476,0,3,4,0.0,0.0,0.00030059644004028436,0.21963825161818007
477,0,0,1,0.0,0.0,0.00030059644004028436,0.1260570727126995
478,0,0,0,0.002002002002002002,7.756587582906888e-05,0.0005467818549163986,0.6228761853114269
479,0,0,2,0.001001001001001001,6.82044770221123e-05,0.0004319444520910257,0.9262492291396476
480,1,0,3,0.0,0.0,0.00030059644004028436,0.3766963784388909
481,0,0,2,0.001001001001001001,3.2798329391515765e-05,0.0003626213855733377,0.9741232696176049
482,1,0,0,0.001001001001001001,1.0030070150310631e-06,0.00036453575282943673,0.4325116241242095
483,0,0,3,0.0,0.0,0.00030059644004028436,0.15359157088885578
484,1,3,2,0.0,0.0,0.00030059644004028436,0.6189957061290362
485,1,1,2,0.003003003003003003,7.44314789070968e-05,0.000479626515849911,0.4040889319842518
486,0,2,2,0.001001001001001001,1.7051119255528074e-05,0.0005563536911968939,0.7422912307761717
487,0,2,4,0.0,0.0,0.00030059644004028436,0.3022860070563784
488,0,0,3,0.001001001001001001,9.929769448807525e-06,0.00038584885709248753,0.07049972679451799
489,1,3,2,0.0,0.0,0.00030059644004028436,0.353338572102906
490,0,1,2,0.003003003003003003,9.578716993546652e-05,0.0006653804100403334,0.22504878937879969
491,1,0,4,0.0,0.0,0.00030059644004028436,0.13916949031835824
492,1,0,2,0.0,0.0,0.00030059644004028436,0.14086165730647537
493,1,0,4,0.005005005005005005,0.00021625786488845938,0.0012218856199302172,0.4991582754935753
494,1,3,4,0.001001001001001001,5.71713998567706e-06,0.00036453575282943673,0.8530606825715598
495,1,1,0,0.0,0.0,0.00030059644004028436,0.7307491627988337
496,1,0,0,0.001001001001001001,7.572702963484527e-05,0.0005734550029750084,0.6738945880875296
497,0,2,3,0.0,0.0,0.00030059644004028436,0.412971125617547
498,0,0,4,0.0,0.0,0.00030059644004028436,0.968747925791542
499,0,0,3,0.0,0.0,0.00030059644004028436,0.3045593659606176
500,0,0,4,0.0,0.0,0.00030059644004028436,0.997199368006215
501,1,1,2,0.002002002002002002,2.7869266346220253e-05,0.000641606108249097,0.08948257573317187
502,0,3,0,0.0,0.0,0.00030059644004028436,0.3837797875981287
503,0,3,4,0.005005005005005005,0.0003546298469478162,0.0010534685999586593,0.8404471197695116
504,1,1,0,0.0,0.0,0.00030059644004028436,0.5104996530814583
505,1,3,0,0.002002002002002002,7.80255873776248e-05,0.0004465975577881415,0.4524354019301313
506,0,3,4,0.0,0.0,0.00030059644004028436,0.41703560053143596
507,0,0,2,0.0,0.0,0.00030059644004028436,0.12144926744762174
508,1,1,3,0.0,0.0,0.00030059644004028436,0.37265450023564806
509,0,1,4,0.001001001001001001,6.0180420901863794e-05,0.0004647200499576939,0.9721635789375904
510,1,2,0,0.0,0.0,0.00030059644004028436,0.67560773409736
511,0,2,0,0.004004004004004004,0.00020264085060344247,0.0008442666289037008,0.7788876922602603
512,0,1,3,0.0,0.0,0.00030059644004028436,0.3077915600658314
513,0,3,3,0.0,0.0,0.00030059644004028436,0.30028829817555014
514,1,2,3,0.002002002002002002,6.494470422326134e-05,0.00044978816988163985,0.4709322711782621
515,0,1,2,0.0,0.0,0.00030059644004028436,0.43329549632059494
516,0,2,2,0.002002002002002002,3.961002068327831e-05,0.0005009650342967987,0.9032540273070102
517,1,0,2,0.002002002002002002,6.119536847659761e-06,0.00046599629479509327,0.151457589014366
518,1,0,1,0.0,0.0,0.00030059644004028436,0.26341656624988263
519,0,0,4,0.0,0.0,0.00030059644004028436,0.41189598004301853
520,1,1,3,0.0,0.0,0.00030059644004028436,0.3064640494125801
521,1,0,4,0.0,0.0,0.00030059644004028436,0.9575135444574134
522,0,2,0,0.0,0.0,0.00030059644004028436,0.6367940367735245
523,0,2,3,0.001001001001001001,4.93145115723606e-05,0.0005874208206304123,0.8301189882046861
524,0,3,0,0.0,0.0,0.00030059644004028436,0.14142847469755504
525,0,1,3,0.003003003003003003,4.3296469482174233e-05,0.0007029907238947728,0.5115800409072844
526,0,0,2,0.0,0.0,0.00030059644004028436,0.2518780798412352
527,1,3,0,0.0,0.0,0.00030059644004028436,0.01909109958576305
528,0,0,4,0.0,0.0,0.00030059644004028436,0.9571598136535835
529,1,0,0,0.001001001001001001,1.9892972464782754e-05,0.00036453575282943673,0.9042942258758291
530,0,1,4,0.003003003003003003,0.0001325808106035227,0.0006922723824685369,0.29442229134094045
531,1,0,1,0.004004004004004004,3.920085750413072e-05,0.000646252524862129,0.1839115796683788
532,0,0,3,0.002002002002002002,1.9725804628944238e-05,0.000479626515849911,0.6991425488484081
533,0,0,0,0.0,0.0,0.00030059644004028436,0.667353888096267
534,0,1,4,0.002002002002002002,9.229893442763626e-05,0.000549972467009897,0.3928198612615552
535,0,1,0,0.0,0.0,0.00030059644004028436,0.020060476448430453
536,1,2,0,0.001001001001001001,8.024056120248505e-06,0.00034322264856638594,0.7571370391223465
537,0,0,0,0.001001001001001001,5.992966914810602e-05,0.00038584885709248753,0.7260379505163637
538,0,2,4,0.0,0.0,0.00030059644004028436,0.3481027896261326
539,1,1,3,0.0,0.0,0.00030059644004028436,0.6036410504773231
540,0,1,4,0.001001001001001001,1.5630192650900733e-05,0.00036453575282943673,0.4834744132878094
541,0,2,1,0.0,0.0,0.00030059644004028436,0.748325884030192
542,0,1,3,0.0,0.0,0.00030059644004028436,0.5921431992177935
543,0,1,3,0.002002002002002002,5.6251976759658785e-05,0.0005105368705772939,0.5099228305468644
544,0,2,1,0.0,0.0,0.00030059644004028436,0.8351002576814859
545,1,1,4,0.0,0.0,0.00030059644004028436,0.20354443053004334
546,1,2,3,0.003003003003003003,0.00014495123045557245,0.0005989798997229952,0.5974191138136679
547,1,3,1,0.001001001001001001,1.466300731497792e-05,0.0004738359628114637,0.2888567310707242
548,0,2,0,0.0,0.0,0.00030059644004028436,0.4204618552475051
549,1,3,2,0.0,0.0,0.00030059644004028436,0.9887541013446792
550,0,3,4,0.0,0.0,0.00030059644004028436,0.9270229055455218
551,0,2,0,0.0,0.0,0.00030059644004028436,0.9823665665517978
552,0,1,0,0.0,0.0,0.00030059644004028436,0.9353696961409825
553,0,3,3,0.0,0.0,0.00030059644004028436,0.5568518174560512
554,1,0,2,0.001001001001001001,6.51954559770191e-06,0.00036453575282943673,0.5839315470130009
555,0,3,0,0.002002002002002002,8.936314881538663e-05,0.000641606108249097,0.4863380219757033
556,1,0,0,0.002002002002002002,8.421915569544161e-05,0.0004623410156995197,0.887573378020865
557,1,0,1,0.0,0.0,0.00030059644004028436,0.014159402762314754
558,1,3,4,0.001001001001001001,9.194230971118078e-06,0.00042847506561858906,0.7111050561957772
559,0,0,4,0.0,0.0,0.00030059644004028436,0.5869183579927083
560,0,1,1,0.003003003003003003,6.882299801471479e-05,0.0006093811567566612,0.7069838733612487
561,1,3,4,0.0,0.0,0.00030059644004028436,0.13422389475272878
562,1,1,4,0.0,0.0,0.00030059644004028436,0.6441381721155577
563,0,2,4,0.001001001001001001,2.0060140300621263e-06,0.00038584885709248753,0.9853204317234678
564,0,1,4,0.0,0.0,0.00030059644004028436,0.3553298131057001
565,1,2,4,0.0,0.0,0.00030059644004028436,0.6025602040448301
566,0,1,0,0.0,0.0,0.00030059644004028436,0.14941396654999717
567,1,2,4,0.0,0.0,0.00030059644004028436,0.845381178978338
568,1,0,0,0.0,0.0,0.00030059644004028436,0.17035959174871518
569,1,0,4,0.001001001001001001,1.1283828919099461e-05,0.00038584885709248753,0.2537543315534655
570,0,1,0,0.0,0.0,0.00030059644004028436,0.07093189241896802
571,1,0,0,0.001001001001001001,0.00014485092975406936,0.0004503557350376068,0.9212503823688053
572,1,2,2,0.002002002002002002,0.00012136384881875864,0.0004952711671682747,0.787534171495813
573,1,2,4,0.0,0.0,0.00030059644004028436,0.16932842363007872
574,0,3,4,0.003003003003003003,7.261770788824897e-05,0.0006673770054575552,0.579290237333878
575,0,0,1,0.002002002002002002,0.00010897671218312501,0.0005282254764064343,0.5882595743672243
576,1,0,2,0.0,0.0,0.00030059644004028436,0.17893967652373088
577,1,1,1,0.002002002002002002,8.324958224757824e-05,0.0006842323167751984,0.7895050968140952
578,1,2,3,0.001001001001001001,2.9622140510584066e-05,0.00041001217998522406,0.4932317077343441
579,0,1,1,0.002002002002002002,4.777656748264631e-05,0.000641606108249097,0.46192704867331247
580,1,3,1,0.0,0.0,0.00030059644004028436,0.994087737926744
581,1,0,0,0.002002002002002002,9.06049670244727e-05,0.000641606108249097,0.5466988728956581
582,0,3,2,0.002002002002002002,0.00012254357611739042,0.0005147271001558695,0.7198048081241778
583,1,0,0,0.0,0.0,0.00030059644004028436,0.8265882593967775
584,1,3,2,0.001001001001001001,1.3373426867080841e-06,0.0003371331902055143,0.8542329845806098
585,1,2,1,0.001001001001001001,2.0394475972298286e-05,0.0003553043100127542,0.03409981228949854
586,0,2,1,0.002002002002002002,2.681372086849709e-05,0.0005049672242256213,0.40590013670588965
587,0,3,4,0.0,0.0,0.00030059644004028436,0.48368815510930085
588,1,2,0,0.0,0.0,0.00030059644004028436,0.46505442284272613
589,1,0,4,0.0,0.0,0.00030059644004028436,0.5100111772467752
590,1,0,0,0.0,0.0,0.00030059644004028436,0.42418908859133175
591,0,1,3,0.0,0.0,0.00030059644004028436,0.1745358583811507
592,0,3,3,0.0,0.0,0.00030059644004028436,0.028998372710361986
593,1,0,0,0.0,0.0,0.00030059644004028436,0.14680754609148272
594,1,1,4,0.0,0.0,0.00030059644004028436,0.14223038477968863
595,1,3,4,0.0,0.0,0.00030059644004028436,0.26111415652572323
596,0,3,1,0.001001001001001001,2.1976998151569513e-05,0.00041846934299768183,0.5727201410375498
597,0,1,4,0.002002002002002002,7.505835829149121e-05,0.0006959735847577541,0.21613053415868166
598,0,0,0,0.0,0.0,0.00030059644004028436,0.3695313435724473
599,1,1,2,0.0,0.0,0.00030059644004028436,0.46422412149281056
600,0,0,0,0.0,0.0,0.00030059644004028436,0.35366736643702446
601,1,3,1,0.0,0.0,0.00030059644004028436,0.08677455378777832
602,1,1,4,0.0,0.0,0.00030059644004028436,0.279671674150723
603,0,2,3,0.001001001001001001,1.67000668002672e-05,0.00035174789027160624,0.27062708498076915
604,1,2,3,0.002002002002002002,6.327302586487623e-05,0.0005667165963029063,0.0492596022094649
605,0,3,1,0.0,0.0,0.00030059644004028436,0.5229926837874438
606,0,2,3,0.0,0.0,0.00030059644004028436,0.040525338675589384
607,0,2,3,0.0,0.0,0.00030059644004028436,0.8191936313766296
608,1,2,4,0.001001001001001001,2.8418532092546793e-05,0.00038584885709248753,0.7110930026769001
609,1,0,2,0.0,0.0,0.00030059644004028436,0.6931267907723592
610,0,0,0,0.0,0.0,0.00030059644004028436,0.9283945557480683
611,1,1,1,0.003003003003003003,0.00011967545367678968,0.0006501313499543172,0.8977036531480328
612,1,2,2,0.0,0.0,0.00030059644004028436,0.7468769265703765
613,0,0,4,0.0,0.0,0.00030059644004028436,0.026899055388981852
614,1,0,4,0.0,0.0,0.00030059644004028436,0.20196889479896052
615,1,3,3,0.0,0.0,0.00030059644004028436,0.5934954918639185
616,1,3,3,0.003003003003003003,0.00020335967229754805,0.0006671945404566765,0.2867270667347178
617,1,1,1,0.0,0.0,0.00030059644004028436,0.7515789181180422
618,1,0,3,0.001001001001001001,1.6549615748012542e-05,0.00038584885709248753,0.3517537194443787
619,0,3,2,0.001001001001001001,3.234697623475179e-05,0.00038584885709248753,0.6922491103703082
620,0,1,0,0.002002002002002002,0.00016390806303965956,0.0004674613192034879,0.3796051838645975
621,1,0,4,0.002002002002002002,6.569695948453463e-05,0.0006202930039860461,0.5306140933366759
622,0,1,4,0.001001001001001001,5.683706418509357e-06,0.00042847506561858906,0.5350130983820212
623,1,0,3,0.003003003003003003,0.00011491117035539213,0.0006396004711182949,0.32515812337127703
624,1,2,4,0.001001001001001001,5.132052560242274e-06,0.00038695730362959375,0.40012484047210994
625,1,3,1,0.001001001001001001,5.205606408011217e-05,0.00039171949108376535,0.8139498983297709
626,1,2,3,0.002002002002002002,0.00010301120855563073,0.0006597286004186493,0.8785463687645327
627,0,1,3,0.0,0.0,0.00030059644004028436,0.8793227417076388
628,0,0,1,0.001001001001001001,2.340349701739147e-06,0.00042847506561858906,0.40124893264065753
629,1,3,4,0.0,0.0,0.00030059644004028436,0.3691455060412945
630,1,0,2,0.0,0.0,0.00030059644004028436,0.9635340252796296
631,1,1,4,0.002002002002002002,8.358391791925527e-06,0.0004924143784077415,0.167640370267073
632,1,1,4,0.001001001001001001,3.9117273586211464e-05,0.0005563536911968939,0.5003724753292152
633,1,2,1,0.001001001001001001,1.0197237986149141e-05,0.0003371331902055143,0.5008176622390276
634,0,3,0,0.002002002002002002,2.7582692913354235e-05,0.000641606108249097,0.7744710129423981
635,1,2,3,0.0,0.0,0.00030059644004028436,0.4613918326273061
636,0,1,4,0.0,0.0,0.00030059644004028436,0.690057563682818
637,0,2,4,0.0,0.0,0.00030059644004028436,0.1605326745750144
638,1,1,4,0.001001001001001001,4.5135315676397844e-05,0.0004633436239603139,0.3246057122401611
639,0,3,4,0.0,0.0,0.00030059644004028436,0.978489420661857
640,1,1,0,0.0,0.0,0.00030059644004028436,0.9494989382639984
641,0,3,3,0.0,0.0,0.00030059644004028436,0.3799960507191277
642,1,3,1,0.0,0.0,0.00030059644004028436,0.17479439913029815
643,1,2,0,0.0,0.0,0.00030059644004028436,0.011530929321916239
644,0,0,3,0.002002002002002002,7.848529892618069e-05,0.0004137728358046596,0.3436687872347961
645,1,2,0,0.0,0.0,0.00030059644004028436,0.3497967416099331
646,0,3,3,0.0,0.0,0.00030059644004028436,0.5403284067823557
647,1,2,1,0.0,0.0,0.00030059644004028436,0.867327301137733
648,0,0,3,0.002002002002002002,4.0577206019201124e-05,0.00042847506561858906,0.06299603885209426
649,1,1,2,0.0,0.0,0.00030059644004028436,0.9797151850894179
650,1,3,1,0.0,0.0,0.00030059644004028436,0.1481401085055486
651,1,1,2,0.001001001001001001,2.1230315151490836e-05,0.00038584885709248753,0.7597868144721717
652,1,1,4,0.0,0.0,0.00030059644004028436,0.6344570087979474
653,1,0,3,0.0,0.0,0.00030059644004028436,0.19684659310281116
654,0,2,3,0.001001001001001001,9.645584127882055e-06,0.00038584885709248753,0.26982303428068866
655,0,2,1,0.001001001001001001,0.00010154251971219241,0.0004738359628114637,0.4274384487456029
656,1,3,1,0.001001001001001001,1.604811224049701e-05,0.0003626213855733377,0.8430738294851365
657,0,1,4,0.004004004004004004,0.00017116314711505094,0.0007966684720817302,0.15084854963518435
658,1,3,1,0.001001001001001001,4.162479112378912e-05,0.00038584885709248753,0.8353515779817166
659,1,2,0,0.0,0.0,0.00030059644004028436,0.2231664460662618
660,0,2,0,0.0,0.0,0.00030059644004028436,0.5375143248678336
661,0,3,1,0.001001001001001001,2.733194115959647e-05,0.00042847506561858906,0.9791834973560382
662,1,1,0,0.0,0.0,0.00030059644004028436,0.18375544699485413
663,1,2,0,0.001001001001001001,3.201264056307476e-05,0.00042847506561858906,0.020883880091080664
664,0,2,3,0.001001001001001001,1.3072524762571522e-05,0.00036453575282943673,0.2731660390473699
665,0,2,2,0.0,0.0,0.00030059644004028436,0.2582301399767346
666,0,2,1,0.0,0.0,0.00030059644004028436,0.9547446825320163
667,1,3,2,0.0,0.0,0.00030059644004028436,0.3927482234624058
668,1,0,2,0.001001001001001001,4.480098000472082e-05,0.00038584885709248753,0.5796825144356575
669,0,0,2,0.0,0.0,0.00030059644004028436,0.19301520203984746
670,1,3,3,0.0,0.0,0.00030059644004028436,0.23931630752834465
671,1,2,4,0.005005005005005005,0.00023203612047967428,0.0007990897116785928,0.8551871435510966
672,1,0,4,0.0,0.0,0.00030059644004028436,0.41157224471908394
673,0,3,3,0.0,0.0,0.00030059644004028436,0.4931705447181238
674,0,0,0,0.0,0.0,0.00030059644004028436,0.6872604878125577
675,1,2,2,0.001001001001001001,2.992304261509338e-05,0.00042847506561858906,0.8628622254839537
676,0,3,0,0.0,0.0,0.00030059644004028436,0.9764496352579999
677,1,1,0,0.0,0.0,0.00030059644004028436,0.09596724934670209
678,1,2,0,0.003003003003003003,4.5689357646605476e-05,0.0005076380243099205,0.12920910039886835
679,1,1,1,0.0,0.0,0.00030059644004028436,0.408124405855425
680,1,0,1,0.0,0.0,0.00030059644004028436,0.2348654463780364
681,0,2,1,0.001001001001001001,1.90571332855902e-05,0.0005563536911968939,0.17951947178298266
682,1,3,1,0.0,0.0,0.00030059644004028436,0.9370676903477252
683,1,0,3,0.004004004004004004,0.00016949146875666583,0.0006927575584804188,0.6105860332043124
684,0,2,3,0.0,0.0,0.00030059644004028436,0.29370196633833223
685,1,3,4,0.0,0.0,0.00030059644004028436,0.9780484500832481
686,1,1,0,0.0,0.0,0.00030059644004028436,0.0700198597647107
687,0,2,4,0.0,0.0,0.00030059644004028436,0.0225684117972913
688,1,0,4,0.0,0.0,0.00030059644004028436,0.5535879879853062
689,1,0,4,0.0,0.0,0.00030059644004028436,0.38691935100289143
690,0,2,4,0.0,0.0,0.00030059644004028436,0.5107851935480807
691,1,3,3,0.002002002002002002,0.0001946669448339455,0.00048411878696464565,0.18551730619928253
692,1,1,1,0.0,0.0,0.00030059644004028436,0.18536076524132739
693,0,3,3,0.002002002002002002,9.052138310655346e-05,0.0004924143784077415,0.9240063320962056
694,1,0,4,0.001001001001001001,9.277814889037334e-05,0.000450222056222052,0.18809980409308769
695,1,1,3,0.0,0.0,0.00030059644004028436,0.13309006652261246
696,1,0,4,0.001001001001001001,8.966882714377705e-05,0.00039886636991244253,0.5553685969611182
697,1,2,3,0.0,0.0,0.00030059644004028436,0.12501120005454336
698,0,1,2,0.001001001001001001,2.0060140300621263e-06,0.0003979305185388558,0.495277274780511
699,0,2,2,0.001001001001001001,2.7081189405838704e-05,0.00042847506561858906,0.33936989321095734
700,0,1,4,0.0,0.0,0.00030059644004028436,0.8739759401427978
701,1,1,1,0.0,0.0,0.00030059644004028436,0.21419401999821763
702,1,2,3,0.001001001001001001,2.2209441047116397e-05,0.0004039713492620399,0.9160542382511447
703,1,2,0,0.0,0.0,0.00030059644004028436,0.6096785347769904
704,1,1,2,0.0,0.0,0.00030059644004028436,0.2372785716950564
705,0,1,3,0.0,0.0,0.00030059644004028436,0.6119233541521389
706,0,0,3,0.001001001001001001,4.262779813882018e-05,0.00041890322933809396,0.3550839724359194
707,0,1,2,0.001001001001001001,2.1731818659006368e-05,0.00042209384143159233,0.47675708334796685
708,0,2,1,0.0,0.0,0.00030059644004028436,0.6815065567910382
709,1,0,2,0.0,0.0,0.00030059644004028436,0.3297541318113216
710,1,2,3,0.0,0.0,0.00030059644004028436,0.2728096356054738
711,1,2,2,0.0,0.0,0.00030059644004028436,0.47370974963602897
712,1,1,4,0.0,0.0,0.00030059644004028436,0.5552837382757312
713,0,2,3,0.0,0.0,0.00030059644004028436,0.6385643061207135
714,1,3,4,0.001001001001001001,1.937873236025095e-05,0.0003826582449989891,0.3903967112944784
715,1,1,4,0.0,0.0,0.00030059644004028436,0.11545038643524297
716,0,0,2,0.0,0.0,0.00030059644004028436,0.47839241387408993
717,1,1,3,0.0,0.0,0.00030059644004028436,0.2600106902898289
718,1,2,2,0.0,0.0,0.00030059644004028436,0.45771688243626707
719,0,0,3,0.001001001001001001,2.3069161345714454e-05,0.0005563536911968939,0.6759663416782378
720,1,2,0,0.0,0.0,0.00030059644004028436,0.11027487411326187
721,0,3,2,0.001001001001001001,1.0230671553316843e-05,0.0003626213855733377,0.6518325749198605
722,0,0,2,0.0,0.0,0.00030059644004028436,0.5744169063082507
723,0,2,1,0.0,0.0,0.00030059644004028436,0.5983005569906646
724,0,3,2,0.002002002002002002,8.060275818013515e-05,0.0005222781385598495,0.3259428743484979
725,1,2,2,0.0,0.0,0.00030059644004028436,0.24108536539717662
726,0,2,1,0.001001001001001001,2.0016068780263836e-05,0.00034322264856638594,0.3287969002833284
727,1,3,0,0.0,0.0,0.00030059644004028436,0.5840244657858968
728,1,3,3,0.0,0.0,0.00030059644004028436,0.32546734535588906
729,1,1,4,0.0,0.0,0.00030059644004028436,0.40668440239655257
730,1,3,4,0.0,0.0,0.00030059644004028436,0.22017521543837504
731,0,2,0,0.0,0.0,0.00030059644004028436,0.6597132716580258
732,1,1,0,0.0,0.0,0.00030059644004028436,0.8261412028605374
733,0,1,4,0.001001001001001001,2.942153910757785e-05,0.00042847506561858906,0.3476394330391962
734,1,1,3,0.0,0.0,0.00030059644004028436,0.44407267593225563
735,1,2,3,0.0,0.0,0.00030059644004028436,0.20403274777740255
736,1,3,2,0.002002002002002002,6.42760328799073e-05,0.00042847506561858906,0.8703607399394131
737,1,1,3,0.0,0.0,0.00030059644004028436,0.023533831164439967
738,1,0,0,0.0,0.0,0.00030059644004028436,0.6602140028923983
739,1,0,1,0.0,0.0,0.00030059644004028436,0.49422218684291974
740,1,3,1,0.0,0.0,0.00030059644004028436,0.6552207747907081
741,0,0,4,0.002002002002002002,3.560674903360274e-05,0.0006474767422403748,0.3988378549727276
742,1,1,2,0.0,0.0,0.00030059644004028436,0.0927137476272113
743,0,0,3,0.0,0.0,0.00030059644004028436,0.07269902784168214
744,0,3,0,0.001001001001001001,2.0895979479813818e-05,0.00041001217998522406,0.7500680140511539
745,0,2,1,0.001001001001001001,1.1952500262453502e-05,0.00035174789027160624,0.6291324143419238
746,1,2,3,0.0,0.0,0.00030059644004028436,0.16063767189507638
747,0,1,3,0.0,0.0,0.00030059644004028436,0.820398338062228
748,0,1,4,0.001001001001001001,4.262779813882018e-05,0.00035174789027160624,0.2655314496513179
749,1,3,2,0.001001001001001001,6.318944194695697e-05,0.0005563536911968939,0.062299771449514374
750,1,2,0,0.002002002002002002,1.9391468957267222e-05,0.0005137274826707923,0.43660198352441804
751,0,3,1,0.0,0.0,0.00030059644004028436,0.6121710897570677
752,1,1,4,0.0,0.0,0.00030059644004028436,0.49128648842229106
753,1,2,0,0.0,0.0,0.00030059644004028436,0.22737644304929683
754,1,3,4,0.0,0.0,0.00030059644004028436,0.13335070624052714
755,0,0,3,0.0,0.0,0.00030059644004028436,0.8354564608563891
756,1,1,2,0.001001001001001001,3.8448602242857414e-06,0.00034322264856638594,0.6689130622791266
757,1,3,1,0.0,0.0,0.00030059644004028436,0.7244828000264313
758,0,0,0,0.0,0.0,0.00030059644004028436,0.5121819685774796
759,1,3,0,0.0,0.0,0.00030059644004028436,0.8703589690209989
760,1,1,0,0.001001001001001001,5.8007239035963145e-05,0.00038584885709248753,0.0698651966210252
761,0,0,4,0.0,0.0,0.00030059644004028436,0.7051497809765362
762,1,2,4,0.0,0.0,0.00030059644004028436,0.4617982703131872
763,0,1,2,0.0,0.0,0.00030059644004028436,0.008894827230210622
764,1,3,4,0.0,0.0,0.00030059644004028436,0.9849985173028306
765,1,0,0,0.001001001001001001,5.616839284173954e-05,0.00042847506561858906,0.13692649449638938
766,0,3,2,0.002002002002002002,0.00011930768443794495,0.00044967148582309997,0.622352227898109
767,0,0,2,0.001001001001001001,1.2955507277484565e-05,0.00042847506561858906,0.7411532536116587
768,1,2,4,0.0,0.0,0.00030059644004028436,0.17706676067356375
769,0,1,3,0.0,0.0,0.00030059644004028436,0.514345749002079
770,1,3,1,0.0,0.0,0.00030059644004028436,0.500137551288137
771,0,2,1,0.0,0.0,0.00030059644004028436,0.5443594727460719
772,1,0,4,0.0,0.0,0.00030059644004028436,0.9025923097932566
773,0,2,1,0.0,0.0,0.00030059644004028436,0.46290858022876324
774,0,3,1,0.0,0.0,0.00030059644004028436,0.25416778322200395
775,0,0,4,0.0,0.0,0.00030059644004028436,0.11396003000067778
776,0,0,4,0.0,0.0,0.00030059644004028436,0.06314985825385622
777,0,3,4,0.0,0.0,0.00030059644004028436,0.9603961165250596
778,1,1,4,0.0,0.0,0.00030059644004028436,0.30925073174354545
779,0,0,0,0.0,0.0,0.00030059644004028436,0.7011005347765272
780,0,0,4,0.0,0.0,0.00030059644004028436,0.9055299481142977
781,1,3,4,0.001001001001001001,8.859895299441057e-06,0.0003553043100127542,0.4237202196070313
782,0,1,3,0.0,0.0,0.00030059644004028436,0.664578803697625
783,0,2,1,0.001001001001001001,5.750573552844762e-05,0.000494583810109802,0.5165974444704254
784,1,2,1,0.0,0.0,0.00030059644004028436,0.06482579991750992
785,1,3,2,0.0,0.0,0.00030059644004028436,0.599711413030158
786,1,2,3,0.001001001001001001,3.8905527660816016e-05,0.00038584885709248753,0.9862420218941345
787,1,3,1,0.0,0.0,0.00030059644004028436,0.3209058347389594
788,0,2,4,0.0,0.0,0.00030059644004028436,0.7297109233716557
789,0,1,3,0.0,0.0,0.00030059644004028436,0.18750856634310376
790,0,0,1,0.0,0.0,0.00030059644004028436,0.9021743852592682
791,0,3,2,0.001001001001001001,3.009021045093189e-06,0.00035174789027160624,0.4552083809738514
792,0,0,0,0.0,0.0,0.00030059644004028436,0.5592828421470375
793,1,3,1,0.002002002002002002,4.700998354972971e-05,0.00044978816988163985,0.6907481151751751
794,1,0,0,0.0,0.0,0.00030059644004028436,0.0035461845996354047
795,0,2,2,0.001001001001001001,3.711125955614934e-05,0.00036453575282943673,0.6777203536716725
796,1,1,4,0.0,0.0,0.00030059644004028436,0.3074979292703961
797,0,2,1,0.002002002002002002,0.00010924418072046661,0.0004924143784077415,0.7469331373140865
798,0,3,4,0.002002002002002002,3.0807512437438957e-05,0.00042847506561858906,0.035016952968221715
799,1,2,2,0.001001001001001001,3.009021045093189e-06,0.00042847506561858906,0.7386779825260208
800,0,3,1,0.002002002002002002,4.580398701975188e-05,0.0004156872030607586,0.0044507350491506115
801,1,3,0,0.001001001001001001,2.7833444667112006e-05,0.00036453575282943673,0.3612284749398227
802,0,0,2,0.0,0.0,0.00030059644004028436,0.3554666960799827
803,1,1,0,0.0,0.0,0.00030059644004028436,0.90032323264165
804,0,3,3,0.0,0.0,0.00030059644004028436,0.3254784372025372
805,0,2,0,0.0,0.0,0.00030059644004028436,0.6687861957959369
806,0,3,1,0.0,0.0,0.00030059644004028436,0.4384681076143232
807,1,3,1,0.0,0.0,0.00030059644004028436,0.2185682235933557
808,1,0,2,0.001001001001001001,7.9237554187454e-05,0.0005563536911968939,0.619046936666817
809,1,3,2,0.0,0.0,0.00030059644004028436,0.5186106152118157
810,1,2,0,0.0,0.0,0.00030059644004028436,0.37905649769338223
811,0,0,4,0.0,0.0,0.00030059644004028436,0.6331956999685999
812,0,1,4,0.0,0.0,0.00030059644004028436,0.4059249408516973
813,1,1,1,0.0,0.0,0.00030059644004028436,0.2910746461669561
814,0,0,0,0.0,0.0,0.00030059644004028436,0.19254322265620416
815,0,0,2,0.0,0.0,0.00030059644004028436,0.4969085656109895
816,0,3,4,0.001001001001001001,2.8853168465726916e-05,0.00042847506561858906,0.18781109896537918
817,0,0,1,0.001001001001001001,1.8940115800503238e-05,0.00042847506561858906,0.8630434198374207
818,0,1,4,0.001001001001001001,5.817440687180166e-05,0.00036453575282943673,0.4203515054353727
819,0,0,2,0.001001001001001001,3.2311154555643534e-05,0.00038584885709248753,0.30858775970637586
820,1,0,4,0.001001001001001001,1.8639213695993923e-05,0.0003826582449989891,0.23178259193026673
821,1,2,2,0.002002002002002002,0.00012136384881875864,0.0006110615611693637,0.5680764756576434
822,1,2,3,0.0,0.0,0.00030059644004028436,0.3907622000898807
823,1,3,1,0.0,0.0,0.00030059644004028436,0.3519530729594068
824,0,3,2,0.001001001001001001,8.25809109042242e-05,0.00038584885709248753,0.8702700786792442
825,0,2,3,0.001001001001001001,1.554660873298148e-05,0.00036453575282943673,0.7871001165888837
826,0,1,2,0.0,0.0,0.00030059644004028436,0.5515723522739754
827,1,2,0,0.0,0.0,0.00030059644004028436,0.6167654337267806
828,0,1,0,0.0,0.0,0.00030059644004028436,0.35504198324682956
829,0,0,1,0.0,0.0,0.00030059644004028436,0.6196386599622415
830,0,0,3,0.001001001001001001,4.224331211639161e-05,0.00042847506561858906,0.5849801783903003
831,0,3,2,0.0,0.0,0.00030059644004028436,0.8505842582805752
832,0,1,3,0.0,0.0,0.00030059644004028436,0.1384249582841689
833,1,2,4,0.0,0.0,0.00030059644004028436,0.773250078521728
834,1,2,4,0.0,0.0,0.00030059644004028436,0.2955961183493775
835,1,1,1,0.0,0.0,0.00030059644004028436,0.40468928168952556
836,1,2,1,0.0,0.0,0.00030059644004028436,0.9048509921556467
837,0,3,4,0.0,0.0,0.00030059644004028436,0.015278796744183976
838,1,1,0,0.0,0.0,0.00030059644004028436,0.383566188384292
839,1,2,3,0.0,0.0,0.00030059644004028436,0.6662712347253914
840,0,1,1,0.001001001001001001,0.00011776974034823065,0.0004003468508281294,0.9626375131995828
841,0,1,0,0.0,0.0,0.00030059644004028436,0.6796702050826394
842,1,1,2,0.003003003003003003,0.0002439145892719707,0.0005776667954599446,0.02594135641255413
843,1,3,4,0.0,0.0,0.00030059644004028436,0.6741000129844575
844,0,2,1,0.0,0.0,0.00030059644004028436,0.28641572468252585
845,0,1,2,0.0,0.0,0.00030059644004028436,0.8718838209904161
846,0,2,3,0.0,0.0,0.00030059644004028436,0.6664434347271336
847,0,3,2,0.0,0.0,0.00030059644004028436,0.9079353861399784
848,1,0,0,0.0,0.0,0.00030059644004028436,0.01630966935812994
849,0,3,2,0.0,0.0,0.00030059644004028436,0.5886118049106271
850,0,2,0,0.0,0.0,0.00030059644004028436,0.5834381390594937
851,0,2,4,0.0,0.0,0.00030059644004028436,0.13764601346434957
852,0,1,4,0.001001001001001001,2.2233322166521896e-05,0.0003371331902055143,0.01607357501882689
853,0,2,0,0.0,0.0,0.00030059644004028436,0.9354598473242897
854,1,0,1,0.0,0.0,0.00030059644004028436,0.594461957364212
855,1,1,4,0.0,0.0,0.00030059644004028436,0.5942796901347457
856,1,1,1,0.0,0.0,0.00030059644004028436,0.08095350200959639
857,0,2,0,0.0,0.0,0.00030059644004028436,0.6230868272709577
858,1,2,2,0.0,0.0,0.00030059644004028436,0.3356583869782602
859,0,2,1,0.0,0.0,0.00030059644004028436,0.6397740525845655
860,1,3,1,0.0,0.0,0.00030059644004028436,0.8147586808078504
861,0,0,0,0.0,0.0,0.00030059644004028436,0.2207587617890171
862,0,2,0,0.0,0.0,0.00030059644004028436,0.5549622859832429
863,1,3,1,0.0,0.0,0.00030059644004028436,0.31127813746659105
864,1,2,3,0.0,0.0,0.00030059644004028436,0.749124685818967
865,0,2,4,0.0,0.0,0.00030059644004028436,0.838140166657042
866,1,1,0,0.0,0.0,0.00030059644004028436,0.20742817999115304
867,1,2,0,0.0,0.0,0.00030059644004028436,0.6453893531429841
868,0,3,3,0.001001001001001001,2.0561643808136795e-05,0.00042847506561858906,0.5313486341746751
869,0,3,4,0.0,0.0,0.00030059644004028436,0.49130616090090506
870,1,1,2,0.0,0.0,0.00030059644004028436,0.8657944333162251
871,0,3,2,0.0,0.0,0.00030059644004028436,0.6691087855983194
872,0,2,1,0.0,0.0,0.00030059644004028436,0.9520338376978973
873,1,0,3,0.001001001001001001,3.0424546122608916e-05,0.00042847506561858906,0.5142524059090855
874,0,2,1,0.0,0.0,0.00030059644004028436,0.49908286015974734
875,0,1,3,0.0,0.0,0.00030059644004028436,0.7127544671979601
876,1,3,4,0.0,0.0,0.00030059644004028436,0.07269527980618362
877,0,0,3,0.0,0.0,0.00030059644004028436,0.6386762605220456
878,0,2,2,0.0,0.0,0.00030059644004028436,0.36397500312934916
879,0,3,2,0.0,0.0,0.00030059644004028436,0.11250883960214875
880,0,2,3,0.001001001001001001,2.256765783819892e-06,0.00034322264856638594,0.8887138926100268
881,0,3,0,0.0,0.0,0.00030059644004028436,0.9045670901936002
882,1,3,3,0.001001001001001001,4.413230866136678e-05,0.0005563536911968939,0.5321263299697049
883,1,2,4,0.001001001001001001,7.806737933658441e-05,0.00035174789027160624,0.14888374148139527
884,1,3,0,0.0,0.0,0.00030059644004028436,0.8273431980617006
885,0,2,1,0.0,0.0,0.00030059644004028436,0.4154376678390834
886,0,1,4,0.001001001001001001,4.9732431161956884e-05,0.00038584885709248753,0.2933726750387057
887,0,1,3,0.0,0.0,0.00030059644004028436,0.597770962549929
888,1,0,0,0.0,0.0,0.00030059644004028436,0.20721127165155606
889,1,0,3,0.0,0.0,0.00030059644004028436,0.08825448735400321
890,0,1,0,0.0,0.0,0.00030059644004028436,0.5755991812049936
891,1,1,0,0.0,0.0,0.00030059644004028436,0.5451236256422194
892,1,1,2,0.0,0.0,0.00030059644004028436,0.8377987472182976
893,1,2,0,0.0,0.0,0.00030059644004028436,0.8705477813522252
894,1,2,4,0.0,0.0,0.00030059644004028436,0.4464017000313817
895,1,2,0,0.0,0.0,0.00030059644004028436,0.19040595941170124
896,0,0,1,0.0,0.0,0.00030059644004028436,0.8890707875629794
897,1,0,3,0.0,0.0,0.00030059644004028436,0.7920251877847124
898,1,1,1,0.0,0.0,0.00030059644004028436,0.6040112415509707
899,0,3,0,0.0,0.0,0.00030059644004028436,0.3180285941462958
900,0,1,0,0.0,0.0,0.00030059644004028436,0.9666658316926034
901,0,0,2,0.0,0.0,0.00030059644004028436,0.7190786105726475
902,0,1,4,0.0,0.0,0.00030059644004028436,0.778184353210967
903,0,3,0,0.002002002002002002,6.486112030534208e-05,0.0006842323167751984,0.9382475803457045
904,0,1,2,0.0,0.0,0.00030059644004028436,0.3542512588651815
905,0,2,2,0.0,0.0,0.00030059644004028436,0.6971140594416657
906,1,1,0,0.0,0.0,0.00030059644004028436,0.14828981857565282
907,1,3,4,0.0,0.0,0.00030059644004028436,0.0790778326403786
908,1,1,4,0.0,0.0,0.00030059644004028436,0.09529170951249444
909,1,1,3,0.0,0.0,0.00030059644004028436,0.030569232332808505
910,0,2,3,0.0,0.0,0.00030059644004028436,0.8902403559249027
911,0,2,0,0.0,0.0,0.00030059644004028436,0.26553464758132095
912,1,3,3,0.0,0.0,0.00030059644004028436,0.8119534879086371
913,1,0,1,0.0,0.0,0.00030059644004028436,0.7081914510786067
914,1,0,0,0.0,0.0,0.00030059644004028436,0.6462323454012154
915,0,0,3,0.0,0.0,0.00030059644004028436,0.5109933506458078
916,0,1,1,0.0,0.0,0.00030059644004028436,0.760272944018033
917,1,3,3,0.0,0.0,0.00030059644004028436,0.6021455809474309
918,0,2,2,0.0,0.0,0.00030059644004028436,0.8217971564261127
919,1,0,1,0.0,0.0,0.00030059644004028436,0.37021494229274865
920,0,0,3,0.0,0.0,0.00030059644004028436,0.19067233884304913
921,1,0,2,0.0,0.0,0.00030059644004028436,0.9385307402829315
922,0,1,3,0.0,0.0,0.00030059644004028436,0.879582884719297
923,0,2,3,0.0,0.0,0.00030059644004028436,0.8697602027785649
924,0,2,3,0.0,0.0,0.00030059644004028436,0.5274148076824674
925,1,2,3,0.0,0.0,0.00030059644004028436,0.40640941079592696
926,0,2,1,0.0,0.0,0.00030059644004028436,0.7759407577477252
927,0,2,3,0.0,0.0,0.00030059644004028436,0.3118874339652199
928,0,0,3,0.0,0.0,0.00030059644004028436,0.7658553614252102
929,1,0,2,0.0,0.0,0.00030059644004028436,0.9932107719269301
930,1,1,3,0.0,0.0,0.00030059644004028436,0.7900464076477602
931,1,3,2,0.0,0.0,0.00030059644004028436,0.037222028055547085
932,0,3,0,0.001001001001001001,6.8538812693789315e-06,0.0003325660964348605,0.3616643029889173
933,0,2,2,0.0,0.0,0.00030059644004028436,0.6361296445328128
934,1,2,4,0.0,0.0,0.00030059644004028436,0.9299782359671626
935,0,3,0,0.0,0.0,0.00030059644004028436,0.5098930375332895
936,0,1,4,0.0,0.0,0.00030059644004028436,0.19915818088652504
937,1,0,4,0.0,0.0,0.00030059644004028436,0.879037431150316
938,0,0,4,0.001001001001001001,2.5075175375776574e-05,0.0005563536911968939,0.8804043007424439
939,0,1,0,0.0,0.0,0.00030059644004028436,0.1681405900232582
940,1,0,4,0.0,0.0,0.00030059644004028436,0.9479480140622552
941,0,2,3,0.0,0.0,0.00030059644004028436,0.44848605960025334
942,1,1,1,0.0,0.0,0.00030059644004028436,0.29353850363264755
943,1,3,0,0.0,0.0,0.00030059644004028436,0.37033402947774463
944,0,1,4,0.0,0.0,0.00030059644004028436,0.6264397894699953
945,0,1,0,0.001001001001001001,3.768440642188138e-05,0.00036453575282943673,0.7092822236005656
946,1,2,2,0.0,0.0,0.00030059644004028436,0.49722256008904964
947,1,1,0,0.0,0.0,0.00030059644004028436,0.17621094412610638
948,0,2,1,0.0,0.0,0.00030059644004028436,0.30390470747823994
949,0,3,3,0.0,0.0,0.00030059644004028436,0.4580027463870594
950,1,0,4,0.0,0.0,0.00030059644004028436,0.04836764828152207
951,0,1,3,0.0,0.0,0.00030059644004028436,0.9640223504901444
952,0,1,1,0.0,0.0,0.00030059644004028436,0.6072802171344494
953,0,0,2,0.0,0.0,0.00030059644004028436,0.10742380310269628
954,1,2,4,0.0,0.0,0.00030059644004028436,0.882554665622274
955,1,2,2,0.0,0.0,0.00030059644004028436,0.28983818999106603
956,0,1,1,0.0,0.0,0.00030059644004028436,0.46064363373119543
957,0,1,0,0.0,0.0,0.00030059644004028436,0.345649079750334
958,0,2,0,0.0,0.0,0.00030059644004028436,0.36940362559581386
959,1,0,4,0.0,0.0,0.00030059644004028436,0.11960956268098111
960,1,0,0,0.0,0.0,0.00030059644004028436,0.19311406421068333
961,1,3,2,0.0,0.0,0.00030059644004028436,0.5382682800660519
962,1,0,1,0.0,0.0,0.00030059644004028436,0.30372850507877835
963,0,1,4,0.0,0.0,0.00030059644004028436,0.08475662807475048
964,1,3,0,0.0,0.0,0.00030059644004028436,0.946712303799486
965,0,2,0,0.0,0.0,0.00030059644004028436,0.4573981498509755
966,1,1,0,0.0,0.0,0.00030059644004028436,0.8509257131154362
967,1,0,3,0.0,0.0,0.00030059644004028436,0.8297479493032045
968,0,0,4,0.0,0.0,0.00030059644004028436,0.7210851367726875
969,0,1,4,0.0,0.0,0.00030059644004028436,0.6807998768298384
970,1,3,4,0.0,0.0,0.00030059644004028436,0.29188620537685894
971,1,1,3,0.0,0.0,0.00030059644004028436,0.5357636391519588
972,0,1,0,0.0,0.0,0.00030059644004028436,0.9839522393688291
973,0,1,4,0.0,0.0,0.00030059644004028436,0.8067858974321146
974,0,1,0,0.0,0.0,0.00030059644004028436,0.9734448590907444
975,0,0,0,0.0,0.0,0.00030059644004028436,0.4101055031917853
976,0,3,1,0.0,0.0,0.00030059644004028436,0.6730663732844199
977,0,0,2,0.0,0.0,0.00030059644004028436,0.5652500882916092
978,1,2,2,0.0,0.0,0.00030059644004028436,0.3321383160031026
979,0,1,3,0.0,0.0,0.00030059644004028436,0.3451651203150583
980,0,1,2,0.0,0.0,0.00030059644004028436,0.5118995759795608
981,0,0,0,0.0,0.0,0.00030059644004028436,0.6449274781014146
982,0,3,0,0.0,0.0,0.00030059644004028436,0.27440283851183145
983,0,0,0,0.0,0.0,0.00030059644004028436,0.2806431647058696
984,1,0,4,0.0,0.0,0.00030059644004028436,0.09906865206610549
985,0,3,1,0.0,0.0,0.00030059644004028436,0.40793489011803685
986,1,1,3,0.0,0.0,0.00030059644004028436,0.3748395092066228
987,0,3,4,0.0,0.0,0.00030059644004028436,0.0159728316799721
988,0,1,1,0.0,0.0,0.00030059644004028436,0.05672976366183169
989,0,2,2,0.0,0.0,0.00030059644004028436,0.2123994063840835
990,1,0,0,0.0,0.0,0.00030059644004028436,0.8017827300339926
991,1,2,4,0.0,0.0,0.00030059644004028436,0.8715193337817472
992,1,2,4,0.0,0.0,0.00030059644004028436,0.7404096077539014
993,1,3,1,0.0,0.0,0.00030059644004028436,0.6731448391879664
994,1,2,3,0.0,0.0,0.00030059644004028436,0.48626485948393994
995,1,0,0,0.0,0.0,0.00030059644004028436,0.7913947532051836
996,1,1,1,0.0,0.0,0.00030059644004028436,0.5261944072766636
997,1,0,1,0.0,0.0,0.00030059644004028436,0.8291854262872739
998,1,3,2,0.0,0.0,0.00030059644004028436,0.05397764696530283
999,1,1,3,0.0,0.0,0.00030059644004028436,0.5693698400704813
